a,b,correlation,coint_pvalue
AENO,NWIG,0.2529253942111988,2.3344854361815094e-06
EORC,NGTE,0.23185525860509076,5.589810387608682e-06
SMAH,ILVX,0.29759477401235007,9.40840471050635e-06
HUXZ,ACAC,0.24975116189990235,1.0852117326270575e-05
HETT,ULXY,0.14762174047517296,0.00017182875662238154
CTGI,EELT,0.24196812012057942,0.00023833220221365986
ACIX,ITPA,0.4385681169347395,0.000647953871563308
RTTH,NAYO,0.22573367435489589,0.0017997157868737013
DUCT,NWIG,0.23771808235634237,0.003021577962724521
FWWG,BLBT,0.3745113224184164,0.003069819696350777
FWWG,EAFC,0.25405932768377715,0.004267998614633364
MTNS,BENI,0.38541609159491746,0.004953597228043113
CUBO,EAFC,0.20402643114597369,0.0050721510074995205
CUBO,NWIG,0.33656098928094685,0.005366068612256612
BLBT,EAFC,0.2967007932118801,0.005509196191828639
MTNS,NAYO,0.08779823847839847,0.006013045622686131
NAYO,EAFC,0.0841527550987634,0.006021204423816158
NAYO,BLBT,0.1579135532357295,0.00741501278218191
AENO,CUBO,0.3716435379501724,0.007479152753061689
BENI,FCSG,0.18267578850389468,0.008249846594866873
SRTX,MHRM,0.09555922149349393,0.00919072240618328
RTTH,ALUT,0.10657969655426916,0.00921642260742475
NAYO,FWWG,0.17710830318967744,0.009243026449380572
CUBO,FWWG,0.31407645875380075,0.009762770519987082
NAYO,MHRM,0.15717173884147176,0.010590530321485674
RCRI,BENI,0.14907958232240157,0.012035289123757035
RTTH,CCNS,0.08620388679755589,0.01254220514699744
CUBO,MHRM,0.16487139286178287,0.013352528553448678
RTTH,BENI,0.11763964969353717,0.013785994646486317
BENI,ITPA,0.19109365349055044,0.014144539633852527
RTTH,ACAC,0.10056370756105724,0.014384055856920205
MTNS,ULXY,0.25636972773723493,0.014546672530745297
FWWG,MHRM,0.23875403013395666,0.014686790145928112
AMRP,SMAH,0.19537969589491272,0.014796759262422183
RRES,MHRM,0.14102567026603186,0.015179308955579588
MTNS,FCSG,0.1847615819587176,0.015309571189101492
AMRP,MMBT,0.021828189699809583,0.015401095495933747
RTTH,SPLZ,0.18688639270019308,0.015557338544750474
AMRP,ILVX,0.2572544608464605,0.015697809061383173
BLBT,MHRM,0.2500710649642622,0.01578369025735821
DUCT,CUBO,0.28723667866156577,0.017275753557408773
NAYO,FARS,0.08413271699813395,0.017474543399119566
MTNS,FARS,0.16023823737101198,0.017662182614374917
ALUT,CCNS,0.20329019776292231,0.01807923752834251
BENI,FARS,0.15128075518685621,0.019715476625614424
DIHO,SPLZ,0.2475523113326611,0.019847873541731436
RTTH,FARS,0.07884840543369082,0.01986689995061495
MSDP,ALUT,0.23267777978356588,0.020203223957055937
AGVF,FWWG,0.23358950511545476,0.02057772708054736
NAYO,FCSG,0.11172634521984959,0.02251418423464979
RRES,FWWG,0.1937671716682729,0.023638656541942877
MTNS,BLBT,0.14202153304859902,0.024295906530941266
AENO,EAFC,0.18659760501296435,0.024712850657507668
RTTH,MTNS,0.06066242822623562,0.02553793412728821
OTCS,FARS,0.007027549187667383,0.02577528991200953
DIHO,AETS,0.1700972771083162,0.025847304562792914
MDGI,HTRK,0.2261783177747369,0.02617196578394594
RTTH,BLBT,0.17615461418784883,0.027018816538576493
MTNS,FWWG,0.20554885440044343,0.027037516035335864
NPCK,BLBT,0.1499571122439207,0.028770416493663815
NAYO,HRND,0.14285751143244854,0.028968057416678673
RTTH,SRTX,0.1062869310991704,0.029635926067620447
MTNS,HTRK,0.3195485720824708,0.030478929955299144
MTNS,ITPA,0.2543312962439629,0.031773653870445
MTNS,ILVX,0.3631617535840014,0.03242290149353332
MTNS,MHRM,0.13172633337049774,0.03259296106248718
NAYO,BENI,0.09027654890381674,0.03267206864307123
RCRI,FCSG,0.1690474719047763,0.033749624687553346
MTNS,EAFC,0.20806114025448771,0.03377547264023969
AETS,NGTE,0.18201743283369268,0.034028157905470494
MTNS,EELT,0.06756677172729404,0.03409558388603521
RTTH,AGVF,0.11775373744647309,0.03425448078537593
MTNS,IHOZ,0.31698086923114693,0.03430349045703288
AMRP,FCSG,0.18140788049134401,0.03449005143890458
AMRP,ITPA,0.2076740559736493,0.03507208601398581
SRTX,EAFC,0.20304743456419055,0.035166042254619376
MTNS,NGTE,0.31008615492180036,0.035237613972875045
MTNS,HRND,0.06678087171129907,0.03536667909284693
RCRI,FARS,0.13118073573298672,0.036289291758750016
BENI,ILVX,0.4436572198272673,0.037128783269848045
ALGO,EORC,0.41954740327033935,0.03780753644127833
NWIG,EAFC,0.1974329024258277,0.03879977872661051
HRET,EELT,0.0697908459588469,0.0399394345338866
BENI,HTRK,0.35444841434174906,0.04099314180008869
RTTH,FCSG,0.17988406965197687,0.04151735464204603
NAYO,NGTE,0.17119282301663274,0.04165495120081806
HUXZ,BLBT,0.22988987555233353,0.044524631092815216
ELLT,HTRK,0.21677077671580916,0.04650498091507285
MTNS,AETS,0.1622667724470538,0.0476289996473247
MHRM,EAFC,0.37552835451285127,0.047906803015104964
EELT,AETS,0.11537808041725624,0.049480323262578216
BENI,NGTE,0.3046894280338234,0.04991937485313541
NAYO,ITPA,0.14900364671995509,0.05209662483570438
CUBO,BLBT,0.20574528735090064,0.05245626786375641
EELT,NGTE,0.14990737684359814,0.053973552699341336
ALGO,NGTE,0.4781105609448496,0.05461775865847641
AGVF,BLBT,0.2529825598766993,0.056714286043902544
NAYO,ULXY,0.03723380635774602,0.05859003678082498
GARI,FCSG,0.2697533397947832,0.06020699788604368
NWIG,MHRM,0.1284356955444477,0.06090005152289001
RTTH,RRES,0.3266428070587865,0.06173594014674493
NAYO,ILVX,0.12795132682142876,0.061764480003881114
AMRP,CTGI,0.15815452600418545,0.06261797583982237
CUBO,IHOZ,0.28874979386341887,0.06267478326169222
EELT,FARS,0.12326083336916331,0.06306869085323533
RCRI,CCNS,0.16939685251405437,0.06480658522562684
RTTH,FWWG,0.1356786381955543,0.06586119101815678
AENO,MHRM,0.1439470336518021,0.06686313498907735
RTTH,GARI,0.15636327111984152,0.06943077748785266
RRES,BLBT,0.26185624579389605,0.07140472203767488
HUXZ,SRTX,0.28327646932824546,0.07461608572936546
ELLT,HRET,0.07824169478570646,0.07620704627025088
LSST,ELLT,0.1529646513245382,0.07636378521345376
NAYO,AETS,0.16534796222252032,0.07639936600844391
EELT,ILVX,0.15532896292651746,0.07741879909604457
RTTH,IHOZ,0.037483955721250274,0.07808955852919323
SRTX,BLBT,0.22802023187285997,0.07809207880605236
IHOZ,FWWG,0.21486371521825845,0.07870911003606129
NAYO,HTRK,0.05693531186105434,0.07900199354730014
RCRI,NAYO,0.28831117731804834,0.07913201116628749
DIHO,RRES,0.13985347704552384,0.08041304640350017
RTTH,MMBT,0.19852845852457782,0.08356357709479734
IHOZ,EAFC,0.19185939867476082,0.08516206679005639
EELT,BENI,0.19897132250499214,0.08526546358957521
SPLZ,SRTX,0.17301736760579506,0.0870409324714676
ELLT,AETS,0.21172747726541538,0.08855565579994545
RRES,EAFC,0.1440923089014716,0.09011296734071111
EELT,HTRK,0.16348746754792076,0.09070964840103024
NPCK,RTTH,0.14395429776022614,0.0913753953809146
DUCT,EAFC,0.24424302584637686,0.09207654011394562
OTCS,GARI,0.16816067635538415,0.09254400410549068
FCSG,FARS,0.19718340822943933,0.09263540792833697
HTRK,NGTE,0.27309886472395317,0.09268659670968299
AENO,FWWG,0.2706893705378361,0.09281830358712495
RCRI,MTNS,0.15828043013174228,0.09378400679808285
NAYO,EELT,0.37862982179731136,0.09493093299657357
CTGI,FARS,0.10106842921388076,0.09651893777147924
NPCK,GARI,0.2304783892652639,0.09782632438115957
IHOZ,BLBT,0.19185675223019052,0.09879837535711761
RTTH,RCRI,0.24214949648685372,0.10234905538241684
AGVF,SRTX,0.2205940369106505,0.10276556557854505
HUXZ,NAYO,0.07907167726390742,0.10295768389643051
EELT,ITPA,0.15798507137462106,0.10481612404583723
RTTH,MHRM,0.12584036699053408,0.10542983229238129
BENI,EAFC,0.19607771241729835,0.1069813538496096
RCRI,BLBT,0.2357918521574328,0.10745571916452079
RTTH,EAFC,0.17706993301216772,0.10751595077852372
ACAC,SRTX,0.3403206590201891,0.10902145778965738
NWIG,FWWG,0.2519641138271266,0.11186226397737647
MSDP,CCNS,0.20414616330155877,0.11238292083976226
RCRI,ITPA,0.14587264641558584,0.11357399417958713
MMBT,FCSG,0.07075694444003562,0.11422199859549065
CCNS,MHRM,0.1611230848461996,0.11749470042795906
LSST,HTRK,0.25565723069998275,0.11756304486191976
BENI,MHRM,0.18565770977670915,0.11814088061601563
RCRI,ILVX,0.17289189843465202,0.11985365993785158
NWIG,IHOZ,0.3096410301508629,0.11986564300250657
FWWG,HRND,0.20918900385264286,0.12040220921885686
DIHO,BLBT,0.2584903409288255,0.12214048255750515
RTTH,ILVX,0.1186334747071055,0.12273085863740452
AMRP,ANSO,0.23198357859240717,0.12436195250352439
RCRI,EELT,0.2963795245967529,0.12559192426419852
HUXZ,CUBO,0.3266550080135955,0.12645731987860387
MSDP,RTTH,0.2312901778476382,0.12951838429495577
NPCK,MSDP,0.21553007901813223,0.13038650546710845
MSDP,SRTX,0.10647572546860126,0.13074252114940715
RTTH,ACIX,0.2116183468285548,0.13197521596619954
FWWG,FCSG,0.18937322009488014,0.13404382319784852
EELT,ULXY,0.10110304256319017,0.13549793467077847
RCRI,ACIX,0.16441238220897983,0.1357049977398163
DIHO,MHRM,0.1220358570106868,0.1371093595148728
DUCT,HRND,0.07892555886144749,0.13713583589565975
EELT,HRND,0.1499386359528948,0.1391406803653859
CUBO,HRND,0.07342571828509478,0.13979900786730065
SRTX,NAYO,0.12261304979212505,0.1405955507726302
EELT,BLBT,0.30928075352299395,0.14221044482592404
RTTH,ITPA,0.1405459528378713,0.14274429047311182
AGVF,NAYO,0.10789432835906487,0.14320808668135815
ANSO,GARI,0.16057574881732847,0.14406326899674327
AENO,DUCT,0.28994091979441683,0.14491847613231612
SRTX,FWWG,0.19850587180783563,0.14497835337151466
ALUT,MTNS,0.11103363234588921,0.1455252753907711
EELT,FCSG,0.127154411694441,0.14559964835746642
AMRP,ACIX,0.1797470781765644,0.1474614452434932
DIHO,EAFC,0.26385982582995215,0.14799677262360206
ACIX,BENI,0.14739685292377566,0.1505313713801879
CUBO,RRES,0.1654736649830935,0.1510319105997101
AENO,IHOZ,0.3257838889143415,0.15186965194506113
ALUT,SRTX,0.09902302138949763,0.15189661351276745
ULXY,BENI,0.2991273540952702,0.15390937262843246
HRND,EAFC,0.2229618261886765,0.15532889517663973
HRET,HTRK,0.15010120360893128,0.15541415475976228
GARI,FARS,0.2343417581186924,0.15723862882008655
MSDP,NAYO,0.16260148584869172,0.15736376931784757
ALUT,FARS,0.1121713561273888,0.15771098834597752
DIHO,AGVF,0.2110587373840367,0.1582183265640727
SRTX,CCNS,0.1409622854298405,0.15923952019495324
ULXY,ILVX,0.3173963740189933,0.16014783315644465
SPLZ,NAYO,0.09181397125925637,0.16015266086434804
AGVF,EAFC,0.2554980463023208,0.16224649172500916
HUXZ,AGVF,0.1551628993441853,0.16464524170341094
RCRI,FWWG,0.2412675695077043,0.1646579027088434
ACAC,MHRM,0.1850699930829011,0.16502276094153706
DIHO,FWWG,0.2742248381595936,0.1653865606361835
ANSO,RCRI,0.1411990940822911,0.16628775563162662
SMAH,ANSO,0.1955987273192315,0.16646579836397335
EELT,EAFC,0.1383632201784622,0.16654470632107693
RCRI,IHOZ,0.1726840932772918,0.16672750925612195
EELT,MHRM,0.14502353554890945,0.16734997112000793
ELLT,MDGI,0.16314307471826256,0.1680050627078739
ULXY,NGTE,0.24645305511791263,0.16999626834157427
ULXY,ITPA,0.19198264999887815,0.1703024381572627
HUXZ,EAFC,0.20746490527919975,0.17121415401060486
NPCK,FARS,0.1350918033812928,0.17146961197019472
NWIG,HRND,0.029657607708025963,0.17177551668683383
DIHO,NGTE,0.1880422979576383,0.1729912665522047
LSST,AETS,0.12733028181148068,0.17575269554869766
OTCS,NPCK,0.20104831396353823,0.17584205970620997
ITPA,ILVX,0.2419387423211516,0.17585758237179255
AMRP,OTCS,0.18667169076955253,0.17607801032026377
SPLZ,CCNS,0.1331802616256508,0.1770698350606661
RCRI,EAFC,0.18584740798862892,0.1774180732183267
RRES,GARI,0.22048907489509037,0.1774573991306181
AMRP,GARI,0.21066230285126297,0.1779053355359798
ULXY,HTRK,0.22487015236390415,0.1782306464721064
CTGI,GARI,0.17788583253427187,0.17853284073379516
LSST,NGTE,0.21415983955803247,0.17961059547250552
DUCT,MHRM,0.22632949795208396,0.18011384466433616
LSST,HRND,0.1405002998286357,0.18023497398535776
DIHO,IHOZ,0.15880783739567578,0.18069349016010328
RTTH,ULXY,0.05809656760634903,0.18098873784315472
LSST,EORC,0.22592515230965243,0.1814072004032508
NPCK,CCNS,0.07580559704643512,0.18176250548719974
RTTH,NWIG,0.11589067879739208,0.1824031146114497
AMRP,EELT,0.06283031706834678,0.18301177803537638
HUXZ,MHRM,0.1628378410906766,0.18469691543005162
AGVF,MHRM,0.2080554752049289,0.18554767637951153
CCNS,EAFC,0.12617548896001637,0.18599380199813426
MMBT,GARI,0.08373864244753984,0.1864422082525311
ULXY,FARS,0.08287489026056392,0.18696931466600825
RTTH,EELT,0.25528027868148034,0.18839885783346272
CTGI,ILVX,0.14055322913337984,0.18843430310759968
ULXY,FCSG,0.08915457038859273,0.188803990496887
LSST,MDGI,0.1300035495662734,0.18889718671440375
LSST,DUCT,0.31464206533169126,0.18911931686063194
RTTH,MDGI,0.15689416566847236,0.18967627677953358
NPCK,FCSG,0.12435818083250609,0.1898787741941685
HUXZ,FWWG,0.2176443500538915,0.18993388370516767
DIHO,SRTX,0.1740271911132262,0.1902402612762053
AMRP,RCRI,0.11835129492915866,0.19035480934839738
MDGI,HRND,0.22444555273719866,0.1926194670743656
RTTH,HTRK,0.10243807640836204,0.19564411773165735
AGVF,FCSG,0.1804283436052815,0.19599073824124785
IHOZ,MHRM,0.19221891116740752,0.19600883137212405
ACAC,FWWG,0.15885997637034943,0.19653749763521994
RRES,SRTX,0.1391371547737971,0.1970080660863459
ULXY,MHRM,0.07240953935761785,0.19709035031096683
ACAC,BLBT,0.22042640294446308,0.19785975702656639
RTTH,HRND,0.12024081159076029,0.1980006609017802
DIHO,NAYO,0.1076982909133451,0.19801104547920495
LSST,RCRI,0.17316797922426286,0.1980575466827736
AENO,HRND,0.10546908529435599,0.19880099552166997
AGVF,RRES,0.14611592094398013,0.1998200190131733
RRES,ACAC,0.12815604070992875,0.20023854113672712
RTTH,NGTE,0.09188119707696789,0.20104241335568535
FCSG,EAFC,0.21984062012178276,0.2012632237599637
RTTH,CTGI,0.24228311155008425,0.20161850027418182
LSST,CCNS,0.09437332937219794,0.20164577800575206
AENO,RRES,0.1340121523941284,0.2017497444474573
HRET,NGTE,0.21463621546146422,0.202762813196752
HRET,CTGI,0.05996557177615407,0.20286907010784877
LSST,CTGI,0.11185860086791873,0.2047125991385687
ULXY,BLBT,0.12165271440957152,0.20698826963622463
CTGI,RCRI,0.27375891074974595,0.20855129944264522
DIHO,NWIG,0.1002749938196347,0.20884253910049488
BLBT,FCSG,0.2304854993570578,0.20992473214989688
ULXY,EAFC,0.15121722357931802,0.21031747818673113
RCRI,MHRM,0.18027994772297076,0.2118804086645834
OTCS,CCNS,0.1254291752436299,0.2122737520239376
LSST,ITPA,0.18338752233802294,0.21354920575769798
LSST,NWIG,0.15146987640699974,0.2147276462777889
RCRI,AETS,0.09694156833212197,0.21496822680861288
NPCK,ALUT,0.12101985719282073,0.21538524117207958
AETS,HTRK,0.16543827490932206,0.21679199109395025
SPLZ,MHRM,0.31448441574690245,0.2176599816620431
LSST,ACIX,0.14823297411741038,0.21786168975563458
RTTH,AETS,0.09237950545499325,0.22094216478379342
DIHO,ACAC,0.13485274773745043,0.22094680586114956
HRND,MHRM,0.24046001200860495,0.2227460886750074
DUCT,FWWG,0.30777890748511794,0.22306148722927666
LSST,CUBO,0.2717094621140146,0.22699732109424675
LSST,SRNA,0.3248330066253022,0.22946298825499212
OTCS,MSDP,0.1313182798342654,0.22986093974384353
ACAC,EAFC,0.20701589823661268,0.2323778840933014
DIHO,FCSG,0.17876525171603444,0.23371622169230472
HUXZ,RTTH,0.08845073231152943,0.23404565135491356
LSST,OTCS,0.20301251385055222,0.2342920486828965
HUXZ,RRES,0.11839165665536333,0.23436188997919682
LSST,RRES,0.10653539795873658,0.23521271750195022
AMRP,HTRK,0.2121343641218384,0.23633970977069846
AENO,BLBT,0.2461939620886674,0.2364099373312017
DIHO,CCNS,0.09458420516334103,0.23662518421853218
MDGI,NGTE,0.18131260383233008,0.2374156186632972
ALGO,SRNA,0.5124914435424038,0.2380869554977288
AMRP,FARS,0.08135359147421371,0.23940602953928625
LSST,MHRM,0.1789746521363853,0.23987449212603373
ANSO,IHOZ,0.2546026047075804,0.24072425626100913
FCSG,MHRM,0.2593493175036403,0.24165453055186437
LSST,SMAH,0.22883763311251915,0.2424198696472603
RRES,CCNS,0.10886161376373563,0.24257175260077085
OTCS,RCRI,0.07012073935251234,0.24268579613322233
HUXZ,CCNS,0.145034394986117,0.24383719019893058
LSST,HETT,0.2962996424638847,0.24403360000302426
CTGI,BENI,0.1463625964529471,0.24579946647667605
CTGI,ACIX,0.09982247938305622,0.24581647675130758
LSST,SRTX,0.275104086892219,0.2459254318832893
GARI,BLBT,0.3543220340688369,0.24643431055059695
ITPA,FARS,0.2176566734811038,0.2467125953163975
CCNS,FARS,0.14905272641247924,0.24737113901114122
LSST,FCSG,0.13542376386616167,0.24845404577208396
HRET,AETS,0.11959075615831127,0.24863260066660947
CCNS,BLBT,0.1615393324110829,0.249867653469516
CTGI,ITPA,0.1925055762385052,0.2521388578352603
ITPA,HTRK,0.24710297615018192,0.25229883115581375
CTGI,CCNS,0.06909604012915459,0.25314585104926784
LSST,ACAC,0.32477939411276097,0.2532875437014652
CTGI,ALUT,0.02373494506665779,0.25400307073424255
AMRP,HRET,0.12844076261883305,0.2541736301189323
MMBT,ALUT,0.013207863248179281,0.2547192849356993
LSST,ILVX,0.375325214702217,0.25544836928808845
NPCK,NAYO,0.07673181352673032,0.25551309194502625
RCRI,HRND,0.20071652079890778,0.256413725263462
AETS,ITPA,0.26445152480548595,0.256684912664948
MMBT,NAYO,0.3025898691880597,0.25676856827479444
CUBO,SRTX,0.3527008211740147,0.2578291032980419
CUBO,DIHO,0.22171242257448784,0.25906662024194815
CUBO,AGVF,0.23719545713345794,0.2592539425992828
AGVF,GARI,0.19687146385928297,0.25957725603928106
GARI,MHRM,0.31796403142379787,0.25995173518278947
ALUT,GARI,0.23713624702399425,0.2603112676858964
LSST,AGVF,0.13681488931525487,0.2611143420870701
DIHO,RTTH,0.11396325869268947,0.26133553146830135
LSST,ANSO,0.18818014228497976,0.26391734844742193
DIHO,HRND,0.23006953517461717,0.26443295855982735
AMRP,NAYO,0.09148598835366112,0.26524495602684883
LSST,HUXZ,0.2659944980640243,0.26559534708771765
SPLZ,EAFC,0.3438782049733185,0.26687833318979304
LSST,FWWG,0.18448017126120128,0.26743231037303017
CUBO,GARI,0.194376145596758,0.26744154019301647
MSDP,MTNS,0.22724032455056226,0.26791821142686617
HUXZ,DUCT,0.24702523203755714,0.268163220135068
ALUT,BENI,0.07260448100916932,0.2687927708126019
DUCT,BLBT,0.26738388843590055,0.2698617079942003
ANSO,EELT,0.07750734601000576,0.2723160196083566
IHOZ,FARS,0.14580386529178163,0.27462615065899276
CTGI,IHOZ,0.0898373803884424,0.27498101996441215
LSST,EAFC,0.14204951553931816,0.27539055633704135
CTGI,FCSG,0.09900938855988423,0.27560128647967036
ANSO,CTGI,0.0763096593112008,0.2763332451724779
DIHO,ALUT,0.2006870118286476,0.27742327537158307
ITPA,FCSG,0.2319499143630992,0.2777131670100798
IHOZ,FCSG,0.17341560639639392,0.27986309261879994
AMRP,RTTH,0.14078034061970407,0.27987068160660344
ACIX,AETS,0.2311967504080798,0.2818977167059024
ALUT,MHRM,0.22857496857504747,0.28360231136551806
CTGI,MTNS,0.13861408151833232,0.28620485531984086
LSST,DIHO,0.20781836802592388,0.2891003558448806
CTGI,HTRK,0.13929580461222316,0.29023842930152516
HTRK,EAFC,0.21466835856272368,0.2906028779914033
LSST,AMRP,0.20521589476313176,0.2915141789731111
GARI,FWWG,0.25577590100917247,0.29205644910772693
RCRI,ULXY,0.1054142320933235,0.2920875630269988
NPCK,RCRI,0.11773536852132686,0.29217935700750264
SMAH,ITPA,0.20788690322005443,0.29263669748989296
LSST,RTTH,0.12729804487404037,0.2928849714685764
OTCS,SRTX,0.17735605244829064,0.29311057605600166
RCRI,HTRK,0.1682974218241671,0.293468023107753
RRES,IHOZ,0.08260665850181287,0.29400767823956764
MMBT,BENI,0.03620306684730405,0.2941903851642421
NWIG,BLBT,0.1834462965016884,0.29482705199790554
ALUT,NAYO,0.06569317168543486,0.2956337522962158
ELLT,NGTE,0.16942067492957827,0.2961536807996671
AGVF,ACAC,0.145992829779813,0.2969065502778435
ELLT,EORC,0.17071775136068792,0.29707003458306425
HTRK,MHRM,0.16384275677109505,0.298498571998396
LSST,BLBT,0.16852797050817347,0.29850677242156287
LSST,MTNS,0.23303118487769686,0.2993693862143411
SPLZ,BLBT,0.2985011293011358,0.30069029723633767
RRES,HRND,0.1470731090758564,0.3016007592116019
CCNS,FWWG,0.17443081484483838,0.30320050022427625
NWIG,RRES,0.11804259815400996,0.30339452705173287
MSDP,GARI,0.27422732561792135,0.3073523842776506
MMBT,FARS,0.04545957243001404,0.3075506969121682
RCRI,NGTE,0.1426555556130096,0.3089193543423461
CTGI,AETS,0.15269582463395584,0.30914705408614196
DIHO,ULXY,0.19227648194484362,0.31133679902584327
AMRP,RRES,0.08594077945189042,0.3138802621193588
GARI,CCNS,0.1921388854321302,0.3171722448558114
MSDP,FARS,0.1983602506598142,0.3180286926880378
CTGI,BLBT,0.18255054442063995,0.3185079499695238
AGVF,IHOZ,0.24244993621705632,0.32223180641598215
CTGI,FWWG,0.11082005789192073,0.3232325443767665
MMBT,CTGI,0.20255971260080124,0.32443367203297246
ANSO,FARS,0.10956506763684475,0.32540297303285903
SMAH,FCSG,0.18487490820603084,0.3254981544065643
SMAH,CTGI,0.10037573432055626,0.32598364452285455
LSST,HRET,0.1839493860719734,0.32741323235152586
MMBT,MTNS,0.021232097776095832,0.32825368490896145
MMBT,ITPA,0.12258413642249169,0.32870703148784475
CTGI,SRTX,0.1539601415923117,0.32941562734598895
DIHO,GARI,0.22401146148299028,0.33061166924117336
AMRP,ALUT,0.1202960072555309,0.33184958608986287
CTGI,MHRM,0.07473430714641005,0.3326764956592644
GARI,EAFC,0.2407794182842062,0.3338322640632242
ACIX,NGTE,0.24276233856094553,0.33533241923825235
ITPA,NGTE,0.19192869835967072,0.3353432976013191
LSST,ALUT,0.05148043459520435,0.335742157152514
AMRP,CUBO,0.252938359356702,0.33806949560780963
CUBO,ACAC,0.2842916113341947,0.3382663308306839
SPLZ,ALUT,0.26363296089948773,0.3385085158469733
OTCS,BENI,0.23652205678431093,0.339837558275832
OTCS,ALUT,0.12741178136520037,0.34002665858050485
CTGI,NGTE,0.17921277916447914,0.3419273132165279
MMBT,ILVX,0.12999145276451463,0.3421671367441742
GARI,NAYO,0.20011191608865456,0.3427646987933548
HTRK,FARS,0.1340979619280512,0.3437566627558798
MSDP,FCSG,0.19999632031364156,0.3439274099078161
LSST,ULXY,0.18369358296777202,0.3439482405423018
CTGI,EAFC,0.09453756208365201,0.34458355937988
HETT,MTNS,0.2681625748883796,0.3450667820728518
MMBT,FWWG,0.13312343410033928,0.34681538345086743
AETS,ULXY,0.10108879934695263,0.34685234083982025
ELLT,EELT,0.1484334730297871,0.34800507483069787
DUCT,IHOZ,0.32996029840152835,0.348529850589218
ALUT,ACAC,0.1541167122288047,0.3495170214117105
ACIX,HTRK,0.2096451583089013,0.3499204731147759
MMBT,SRTX,0.10691926670970271,0.35085357585811805
CTGI,HRND,0.08081309531524859,0.3510339087412519
HRET,MDGI,0.10885240025641679,0.3568350146892696
LSST,EELT,0.07623196971585015,0.3569863830478789
MMBT,RCRI,0.2657641385611719,0.3584604155302469
AMRP,BENI,0.263443400383381,0.3596811364492123
LSST,NAYO,0.06621096966878229,0.3597028355292313
SRNA,CUBO,0.3414287544081975,0.3597661367885865
AETS,BLBT,0.22042511487768351,0.3599967387178151
CCNS,NAYO,0.16502494886493316,0.36045108617195076
AETS,MHRM,0.22047539869676863,0.36275905318223456
ACIX,EELT,0.16674475658005863,0.36314301995316217
ALGO,CUBO,0.5231704318959408,0.36325408204712917
ILVX,FCSG,0.12173626831188879,0.36581535375651875
DIHO,EELT,0.18575065960132459,0.3661804584541399
DIHO,FARS,0.19855236626367878,0.36677445261097164
ACIX,FARS,0.2655769087749828,0.3681772700551788
HUXZ,SPLZ,0.16964229855912377,0.3691087415972272
NPCK,EAFC,0.22572982861364646,0.3698955921537338
AETS,FCSG,0.18544717211713466,0.37084551833800783
DIHO,MTNS,0.2045736095625557,0.3734134078278041
CTGI,ACAC,0.12209192334532686,0.37392072575342583
SMAH,GARI,0.21205341983764042,0.37482307900067646
ACIX,ILVX,0.2852693745645222,0.3758087401688965
ACIX,NAYO,0.18707212742207954,0.37638169494690243
HTRK,FCSG,0.11278457767515956,0.37652496714732425
AETS,ILVX,0.17917648776948028,0.377102886109928
AETS,BENI,0.19361421248475727,0.37719549220614984
MSDP,RCRI,0.21809305134665682,0.38147906703093093
MDGI,AETS,0.16072466277388578,0.382878118293184
MSDP,RRES,0.2286957635641137,0.38367323140185783
ELLT,ACIX,0.27205846441115666,0.3841796024347526
HUXZ,NWIG,0.21671372882376258,0.3860411934867709
OTCS,NAYO,0.0779366368176877,0.38787114199375805
NWIG,AGVF,0.17710472858698606,0.38790801317529366
HETT,MSDP,0.21651272228669508,0.38842007916999
HUXZ,IHOZ,0.28225768366365955,0.389064906587208
GARI,ILVX,0.3078927926152092,0.39188907728375205
LSST,BENI,0.3392992751749819,0.39198442454858484
OTCS,RTTH,-0.0008001387242657468,0.3922179175245616
AETS,EAFC,0.3169390663447093,0.3942798741581051
AENO,ACAC,0.33775534134752366,0.39465978783547095
OTCS,FCSG,0.08014473015607361,0.396235555639342
CCNS,IHOZ,0.14248413026959064,0.39637490307102063
RRES,FCSG,0.21044214784109688,0.3973173667399392
MDGI,MHRM,0.1780827338285694,0.3987964721628232
DIHO,ILVX,0.2601556276530076,0.3994756283208974
DIHO,MMBT,0.09852777815156877,0.399642511609915
AMRP,NPCK,0.21496648583846675,0.4001298063149522
NPCK,BENI,0.33090394492820435,0.4016334128115471
ALUT,FCSG,0.1657868473967707,0.40262030377055125
AMRP,MDGI,0.1571394063979612,0.4027122216174812
HETT,ALUT,0.12755425033008064,0.40352223898139084
ALUT,BLBT,0.2946006862520556,0.4037869761616911
AMRP,CCNS,0.09995766668817113,0.40520324309866196
MMBT,HTRK,0.07895480896122885,0.407740544700377
MDGI,ACAC,0.15266682792477798,0.4081225350566294
ALUT,FWWG,0.1805702818141272,0.4105306334905347
HTRK,ILVX,0.30919905212374316,0.41078051185195497
ALGO,MHRM,0.42008185012381555,0.4108561804855541
NPCK,CUBO,0.32467464735479185,0.41111317455823626
CTGI,ULXY,0.1715874438861479,0.4112176052756973
LSST,IHOZ,0.3333219512599676,0.41169644125850857
MMBT,AGVF,0.10189609290261255,0.41263011638676617
RRES,ALUT,0.031879824837055676,0.4131959816689652
LSST,SPLZ,0.1304225309848241,0.41323437034755883
ACAC,CCNS,0.1472313986875288,0.4132482848310198
AETS,FARS,0.19231780372883112,0.41525091266053615
OTCS,HUXZ,0.16931769723392406,0.4153412682617129
DIHO,HTRK,0.17702544821281296,0.41736175892980554
MMBT,RRES,0.2978394139888028,0.4191146863586247
LSST,MMBT,0.1012967649871435,0.42005279053621547
CTGI,NAYO,0.3065837272549279,0.42062401168380664
LSST,GARI,0.21216823104255858,0.4206374432698249
IHOZ,HRND,0.20186469124290754,0.42294300337553803
AMRP,NWIG,0.16336308414596487,0.4229498061844143
HUXZ,MSDP,0.19865909059178344,0.42342405694516694
CUBO,NAYO,0.17282623174758532,0.4249528934657719
CUBO,SPLZ,0.1656693090359607,0.4253224824151475
NWIG,GARI,0.12513550245280672,0.4258687462247927
DIHO,ITPA,0.23274079656980043,0.4259723911626957
EORC,AETS,0.1451442851627261,0.42678582896070305
ANSO,BENI,0.28489180567378036,0.4298991708123865
LSST,MSDP,0.16493738323339724,0.4304513541434226
ACIX,MTNS,0.17583227434234458,0.43224346140358066
SMAH,MMBT,0.10817330512012337,0.43227530959661176
DIHO,CTGI,0.11036665040343235,0.43367888691478945
OTCS,RRES,0.08321673590142678,0.4338239092842865
SPLZ,ACAC,0.17382819864506835,0.4340664594370629
DIHO,ACIX,0.279030204088834,0.434085327027487
AMRP,DUCT,0.21571085987225547,0.4349732304178408
OTCS,FWWG,0.0865159806644007,0.4381097274005946
HRET,ITPA,0.12485191308042752,0.43900729745163825
DIHO,RCRI,0.22196670484376327,0.4408571839237485
SMAH,FARS,0.11945880351423685,0.4414005406680602
ALGO,EAFC,0.4622934208411896,0.4423307748699446
MSDP,AGVF,0.16223551225402388,0.44444152370964357
HRET,ACIX,0.14448980197480127,0.44549384577917284
MSDP,BENI,0.25666094603872563,0.4460279823345651
MSDP,ACAC,0.20379882648232608,0.4460701648797287
HUXZ,FCSG,0.18236459376313358,0.4478226726941258
ACIX,ULXY,0.13946798262385968,0.44863407566953645
LSST,NPCK,0.3204721897841733,0.44970302475346524
RRES,NAYO,0.4125985985804037,0.45053339053900365
ACIX,FWWG,0.352660298118384,0.4507206286666755
SRNA,FWWG,0.27716198558841865,0.4515301127869711
DIHO,MDGI,0.12874387889507097,0.45210868109579483
MDGI,EAFC,0.20780891210989444,0.4524138558342433
ACIX,CCNS,0.16551249361745063,0.4527174695052927
MMBT,CCNS,0.06511741878604023,0.4536504011308891
DIHO,BENI,0.23315807015467765,0.454544531720689
IHOZ,NAYO,0.08301426902364424,0.45532042061224537
AMRP,DIHO,0.1664321514135809,0.45558082526881705
NPCK,FWWG,0.2092358634393297,0.45728717725593226
AENO,HUXZ,0.29363731259818215,0.4575541491670733
DUCT,RRES,0.12461336016013287,0.4587161266257099
AGVF,HRND,0.2260744610521382,0.45920789411382934
MMBT,ACIX,0.12844255346429237,0.4593902506853028
MMBT,EELT,0.2802273408296923,0.4609679877498542
OTCS,EAFC,0.07230235270509028,0.46196048755353697
SMAH,RCRI,0.13022477744372127,0.4630677884203895
AMRP,SRTX,0.2150526604623107,0.4635087391117103
AMRP,MSDP,0.1085116171535982,0.4642514979630954
SPLZ,RRES,0.2054344342688074,0.4647484096644325
ELLT,HRND,0.16443747118547214,0.4655444464136297
NPCK,SRTX,0.32589388308259815,0.4667638176672066
GARI,RCRI,0.23717672721846825,0.46830888376960544
HETT,EELT,0.12920269310505728,0.47099454285622877
MMBT,HRND,0.05949003928126604,0.4716905691291436
ANSO,RTTH,0.05961573253243659,0.4719854944647741
ANSO,NAYO,0.07724476042469018,0.47329344045661187
SRNA,EORC,0.22638480377875153,0.4739667956030622
HRET,DIHO,0.2197254430990148,0.47547179211904433
OTCS,MHRM,0.11105476238338514,0.4755908144889433
HETT,SRTX,0.2851936245370348,0.47604917782585326
MMBT,IHOZ,0.096345379296813,0.47762457378941175
FARS,MHRM,0.20631175183352507,0.4779045587498164
MMBT,ACAC,0.10141109959224355,0.47879031358522994
ACIX,MHRM,0.2941725836425204,0.47928557670276734
ACIX,IHOZ,0.19114798898534538,0.4797298198123438
SRNA,RRES,0.13401378129236238,0.4812059566213089
ELLT,RCRI,0.20067718898816078,0.48201655559055734
ALUT,EAFC,0.32730840601770655,0.4821267578995025
ITPA,MHRM,0.31534057495481954,0.4828061781888785
MMBT,MHRM,0.13858995041617414,0.4828784002136145
AMRP,FWWG,0.15240206369051856,0.4848333271615587
ELLT,DUCT,0.2156247347745163,0.4855292944456778
SRNA,HUXZ,0.3096330207601292,0.4858642927601076
SRNA,ACAC,0.2918598766316106,0.48597236495393814
HETT,MMBT,0.14121855658777815,0.48646893897889876
LSST,FARS,0.12329546629057149,0.48682851814086026
AMRP,IHOZ,0.2204338792264232,0.4870555259522882
ELLT,MTNS,0.17448453415593196,0.48745802809650235
ALGO,ACAC,0.4653711149436065,0.4889654456582303
NPCK,RRES,0.09270457878018454,0.48923207415570646
ALGO,HUXZ,0.46723331690685144,0.4904047389050858
MDGI,FWWG,0.17934543217029086,0.49510540254730756
HETT,BENI,0.36331064496033577,0.49519916910038053
FWWG,NGTE,0.22369654295039496,0.4956937276168782
SRNA,EAFC,0.19204332168328003,0.49584653249478433
ITPA,EAFC,0.28960832325995534,0.49591574955136525
ACIX,FCSG,0.28383674840792306,0.4962486351574646
ELLT,ITPA,0.2981490787058304,0.49637520962186815
HUXZ,NPCK,0.20701335875356608,0.4972695037299931
MSDP,MHRM,0.3653802743947399,0.49743540392330793
SRTX,GARI,0.19958060112099968,0.4979544530119323
MSDP,SPLZ,0.37157781793547245,0.4992394465841328
AGVF,ALUT,0.21498354185923335,0.5022197550900581
SRNA,IHOZ,0.32457765035223785,0.5027078737415926
MDGI,SRTX,0.1835309518928683,0.5030808823997429
OTCS,IHOZ,0.19776719538256118,0.5037639343189163
ACAC,IHOZ,0.2687475799345522,0.5046644499948519
AENO,FCSG,0.17851523375499825,0.5064421126092042
MSDP,BLBT,0.2939803705674563,0.51020850529327
ALGO,SPLZ,0.46650836155763686,0.5110735841506198
ACAC,FCSG,0.1684815366435843,0.5119731359530162
MDGI,IHOZ,0.1683038287261098,0.5148241301206778
SMAH,EELT,0.08821965335709821,0.5154914815054816
MMBT,BLBT,0.19964441741899858,0.5156273173097472
HETT,CCNS,0.1562091010385515,0.5157830697094861
OTCS,CTGI,0.15786615883931804,0.5165360816083489
ALGO,SRTX,0.4849511766903371,0.5184400700121616
AMRP,HUXZ,0.22092831308925617,0.520072685707306
HETT,NAYO,0.1629852161267709,0.5206968930342268
FWWG,FARS,0.3112209613570626,0.5216436620063785
HETT,NPCK,0.2598160160260531,0.5220185962740331
AMRP,EORC,0.2178077823910436,0.5225401103008939
MDGI,RRES,0.21719566658736342,0.5248024885174404
CCNS,BENI,0.16084574925056502,0.5271081294668202
HETT,GARI,0.27844145936895803,0.5284051991510883
ANSO,SRTX,0.20987358869429362,0.528967904714434
MMBT,ULXY,0.07148675054477774,0.529131341243057
ACIX,HRND,0.24824547663853333,0.5305599329902483
ELLT,BENI,0.19075133022915952,0.5325370005167617
ALGO,RRES,0.4687420429631212,0.5329107311840439
AMRP,ULXY,0.1228833689487314,0.533015665958328
GARI,HRND,0.2518016057871075,0.533023196461186
HETT,CTGI,0.17047554118026997,0.5343674134224463
AMRP,NGTE,0.2525639843143287,0.5347496737927657
OTCS,MTNS,0.25335971169566307,0.5373935678514095
CCNS,MTNS,0.10733966742774644,0.5376052086971875
AMRP,HETT,0.16266269376022924,0.5378641587396477
AGVF,NGTE,0.17150427224481632,0.5381129177048957
HUXZ,HRND,0.08529176738369301,0.5389663685803918
ELLT,FWWG,0.26469079157808906,0.5398919446660384
ANSO,NWIG,0.1712033646552732,0.5399041161731836
NPCK,AGVF,0.24286803188484485,0.540737901306119
MDGI,ITPA,0.3203045504614072,0.5421208379416559
HETT,RCRI,0.16420444007375684,0.5421849502802275
ELLT,AMRP,0.25699620305204124,0.5450135278965489
ELLT,MHRM,0.18955968364080145,0.5452549842453203
BLBT,NGTE,0.20270985088660937,0.545994689373728
HETT,IHOZ,0.2594351280118351,0.548241133298731
RRES,FARS,0.11939113714614667,0.5484939081003222
GARI,BENI,0.2526645014072889,0.5490140408387629
HETT,ACAC,0.31720802397303177,0.5502888563478374
AENO,GARI,0.22909814207711005,0.5515180901027649
ELLT,DIHO,0.18049801346320218,0.5518986143422207
ELLT,ALUT,0.2168185127866389,0.5532107510128987
HETT,SPLZ,0.15557896758702777,0.5540165805149362
MDGI,MTNS,0.16663785432535735,0.5541179145930065
ACIX,BLBT,0.31669141892849323,0.5543096461112118
ELLT,EAFC,0.23784893282496686,0.5544798914724985
MMBT,AETS,0.10497578957833807,0.5554488125022428
NPCK,MHRM,0.09850426463041356,0.5558964528078751
FARS,EAFC,0.19367557490720602,0.5560014997755677
HETT,FARS,0.15480547981912693,0.5566896484101749
HRET,NAYO,0.07321716089338488,0.5570416348477678
DUCT,ACAC,0.24481551061666532,0.5573462398357986
AMRP,AETS,0.18587368374634883,0.557535685219087
GARI,IHOZ,0.2746765967408274,0.5576471191558242
ANSO,EAFC,0.1523896261710406,0.5590583322001774
HETT,HUXZ,0.21029028660012167,0.5604276741388801
SRNA,DUCT,0.33952656158771005,0.5612665747838868
SMAH,ACIX,0.19888306628993913,0.5636688983106086
ALUT,RCRI,0.15183294452541055,0.5637201879915478
ELLT,NWIG,0.16177454340143546,0.563968705598053
MMBT,NGTE,0.08639925670991871,0.5641494423701781
AENO,CCNS,0.13760339764274435,0.5658377460866226
HETT,ANSO,0.2009016954326793,0.5670814144987444
ELLT,CUBO,0.19693042915376416,0.5671814313257367
MDGI,ACIX,0.29304513876496635,0.5684001688873765
NWIG,FCSG,0.10702529553077057,0.5685320622164521
CCNS,FCSG,0.21215476777848732,0.5697399141737165
AMRP,BLBT,0.20980124064037342,0.5702820186639767
ACIX,EAFC,0.27614288502088485,0.5711702588765615
HETT,AGVF,0.1751422851092336,0.5716504900397257
HETT,NGTE,0.28077350613001734,0.5719129050611533
ALGO,AETS,0.3972397633808915,0.5723489303748752
CUBO,FCSG,0.16083072373856125,0.5727132811172656
SRNA,MHRM,0.14829341961731546,0.5727479277033191
AGVF,RCRI,0.2132068964483811,0.5728335626275188
HUXZ,GARI,0.2833266475877268,0.5733007093655467
CUBO,CCNS,0.12561105105514186,0.5737962780791123
DUCT,SRTX,0.257781500225927,0.5738640327882246
ELLT,RTTH,0.1051433159287986,0.5751014040642067
NPCK,ACAC,0.304020554600213,0.5759668413497279
HETT,MDGI,0.18579983954625112,0.5769327950225446
MDGI,AGVF,0.2023194599088602,0.5770839189058584
AENO,SRTX,0.378676870566103,0.5788585430713812
AENO,AGVF,0.24021159151348126,0.5791724709409819
HETT,MHRM,0.09663655388860637,0.5813657051931944
HRET,MMBT,0.1175179114741191,0.5824402209824953
MDGI,ULXY,0.09208406226729865,0.583740588023907
ELLT,HETT,0.1665960942569329,0.583968840974799
MDGI,NAYO,0.19739697632300096,0.5854163498323108
ALGO,HRND,0.33650354725457965,0.5862470081177312
HETT,EORC,0.2238095431516807,0.5866044434985962
SRNA,NGTE,0.27847682527928463,0.5872694798485348
RRES,AETS,0.11663861310446437,0.5875510240080222
AMRP,SPLZ,0.1546718160822645,0.5876177732445734
OTCS,ACAC,0.12964361754438775,0.5876965576604694
HETT,HRND,0.11893696469425738,0.5883969892296075
AGVF,CCNS,0.14760515971877508,0.5884044406621732
HRND,BLBT,0.1925973122101154,0.5892563105124569
ANSO,FWWG,0.13010802549956682,0.589807257660201
HETT,HTRK,0.25172187546144603,0.5900214007062405
SMAH,BENI,0.29081723388966335,0.5905625295845202
ELLT,CTGI,0.2171649226396266,0.5913875508118674
OTCS,MMBT,0.016530617068367195,0.5920706089559225
NPCK,IHOZ,0.32459121116576073,0.5935101629048587
HETT,SMAH,0.20855560318677405,0.5953136182327142
HETT,HRET,0.20244314702544186,0.5957621767340125
GARI,ITPA,0.298498513591418,0.5961562992194047
IHOZ,BENI,0.3462656119995143,0.5965401556899449
SRNA,DIHO,0.2247940196000288,0.5975119034534866
HETT,FWWG,0.20280209807097424,0.5976456571239589
MSDP,MMBT,0.13379170399769238,0.600743126064287
MSDP,EAFC,0.39483505501979893,0.6009969264217316
HETT,FCSG,0.13888966858055812,0.6038827741360493
IHOZ,ULXY,0.22205551395551146,0.6045085148502122
IHOZ,ILVX,0.45622396863304077,0.6050632631417041
ANSO,CCNS,0.09697590496582773,0.6050872617306853
MDGI,RCRI,0.17407683517366387,0.6056085018508625
NWIG,SRTX,0.25802331487548713,0.6070895077789645
ALGO,DUCT,0.5217759714972393,0.608523291579433
ELLT,ACAC,0.2339265148250663,0.6087937666559944
HUXZ,ALUT,0.1495318534302025,0.6090281866685455
SRTX,FARS,0.13020033214040963,0.609096467707626
HUXZ,RCRI,0.16717765431655252,0.6094817865886824
ALGO,NAYO,0.43150186682370156,0.609589474736161
SRTX,HRND,0.10861398802596788,0.6096033253600821
HETT,ILVX,0.36204302530458493,0.6101737003196543
OTCS,ANSO,0.12092788881801544,0.6111434146813373
MDGI,BENI,0.12409183057100749,0.6118379326509399
HETT,ITPA,0.15503377604982319,0.612604188769885
HETT,NWIG,0.1668818900477159,0.6141171220761638
MDGI,EELT,0.18637685903818502,0.6161535347060583
OTCS,BLBT,0.10809440925307642,0.617630793956223
ANSO,ILVX,0.30099430464443216,0.6186014993389752
OTCS,SPLZ,0.11079212266652634,0.6192387810250608
ELLT,HUXZ,0.15885271219210645,0.6192769050969688
HETT,DIHO,0.20427548219392558,0.6196927569723443
ANSO,ALUT,0.18368315574484903,0.6205080549546111
OTCS,NWIG,0.1368347603875636,0.6216823077774187
NPCK,SPLZ,0.12955907521882312,0.6225536560390597
AMRP,MTNS,0.2861584064479876,0.6228097086114194
ANSO,HRND,0.07576211720150255,0.6231887847589748
ELLT,ULXY,0.05879295639277538,0.6233832027071021
ALGO,FWWG,0.5001650988928044,0.6262284379710749
MDGI,BLBT,0.22172753853955599,0.6268582237100663
HRET,ILVX,0.2568678576327926,0.6286122545947269
HETT,RRES,0.1490013698599642,0.6286701070498015
OTCS,AGVF,0.12966141021818434,0.6291495139465971
SMAH,HRET,0.16829956518994665,0.6295293507933148
MDGI,CTGI,0.1413015321720435,0.6307080868423771
SRNA,NWIG,0.2086780940189079,0.6310133886679046
IHOZ,AETS,0.17655785409762606,0.6312245634423188
ALUT,IHOZ,0.16149090456091578,0.6313245517608788
ELLT,ILVX,0.23405429826196428,0.6321199900871927
OTCS,DUCT,0.2995210977906073,0.6334175222504514
ALGO,MDGI,0.4263690556140507,0.6338714299044692
HETT,EAFC,0.12318074620134428,0.6338781167129217
AMRP,AGVF,0.17255183062919643,0.6353250219838299
ANSO,FCSG,0.14920202207970565,0.6354674651177796
SMAH,IHOZ,0.3106389824506874,0.6362185684085567
GARI,MTNS,0.22119978528046444,0.6362455359785415
MMBT,MDGI,0.14253448908173663,0.6362548194819097
CUBO,RTTH,0.11216674329054052,0.6362762964662477
ELLT,IHOZ,0.16231948064896534,0.6369895633539626
ILVX,FARS,0.20235208403697932,0.6373735204711273
SRNA,SRTX,0.2738117845404072,0.6385199835893107
MDGI,GARI,0.2210925535325502,0.6386143775646203
MSDP,ANSO,0.1845263719330816,0.6387682226684346
HRET,AGVF,0.15700893740206875,0.639822333130338
RRES,NGTE,0.17766389688224807,0.6409051383879708
ANSO,AGVF,0.13938315390205186,0.6413328790180088
ELLT,ANSO,0.10782372017643632,0.6414868440241934
ALGO,AGVF,0.4292280279318906,0.6415621533859333
HUXZ,EORC,0.18871926045263893,0.6419564636585983
ALUT,ITPA,0.23067252058187884,0.6425382649845657
OTCS,EELT,0.07846403160275232,0.642806441189051
HRET,FARS,0.11053911262524395,0.6443688613993166
ANSO,BLBT,0.1967793486920261,0.6446339604643108
SRNA,BLBT,0.24465252885434985,0.6457441247798673
ACAC,NAYO,0.0886663656807751,0.6470690148025585
MSDP,FWWG,0.28208867607950816,0.6485683105833899
ELLT,RRES,0.19903840753820454,0.649364746880826
MSDP,CUBO,0.23354782043894243,0.6495574968295977
CCNS,EELT,0.17027932607854337,0.6497343258136309
SRNA,MDGI,0.14268764292706237,0.6509570046044557
AMRP,HRND,0.1415638249248944,0.6532439426287288
ALGO,DIHO,0.42902685976518,0.6537458032551802
MMBT,EAFC,0.05624361471515452,0.6537861533080529
AENO,ANSO,0.2567324337637672,0.6541513684036528
ANSO,AETS,0.1291449146269108,0.6547641324376394
MDGI,ALUT,0.1326011796852658,0.6548124606541728
NPCK,MMBT,0.051877536634445165,0.6552569094836987
ELLT,SRTX,0.16976512004828662,0.6559699009445358
HRET,SRTX,0.197891571294261,0.6572591794185614
SPLZ,MTNS,0.1952081044670615,0.6573448921920393
ALUT,ULXY,0.09209645520580509,0.6581517550384637
SMAH,RTTH,0.07173879803907464,0.6589664932630275
NWIG,ACAC,0.2451603402905635,0.660702220338801
DUCT,AGVF,0.19876322089449397,0.6617381867634389
NPCK,MTNS,0.3118933898864033,0.6623481653918605
ALGO,NWIG,0.3813831884655358,0.6635334300043867
OTCS,CUBO,0.2076376112883172,0.6648312104077139
MDGI,CCNS,0.08750407816358004,0.6649862964790149
HRET,ANSO,0.145533867697289,0.6650507487031273
AENO,FARS,0.14197894766372168,0.6656263930141673
SRNA,HRND,0.1100922793638419,0.6662671067087538
ALGO,BLBT,0.5221081212497665,0.6663580405670527
HRET,BENI,0.28705443379264817,0.6667571913946344
HETT,AETS,0.13032937837268882,0.6690522756806316
ELLT,AGVF,0.2532606498784977,0.6696609700627787
ELLT,NAYO,0.1721167151516675,0.6697437180113303
AGVF,MTNS,0.20037853891668575,0.6704245290712761
MDGI,FCSG,0.1827874488612609,0.6705087314766162
NGTE,MHRM,0.09597610139691833,0.6707395879849776
NWIG,NAYO,0.09279379507230368,0.6710973278205429
ALGO,ELLT,0.44506752194101856,0.6715075978494204
NPCK,ANSO,0.1608388130894343,0.6731705484890749
IHOZ,ITPA,0.157339234075257,0.6732460141477458
ACAC,GARI,0.2668155598602341,0.6741389344749782
AGVF,BENI,0.20354718407714836,0.6745408636604399
CCNS,HRND,0.039402435617951745,0.6747582023944911
ALUT,EELT,0.09725490396752537,0.6749013469357709
AGVF,FARS,0.11596323351530899,0.6751177563094588
HRET,ULXY,0.21713874068549918,0.6753672079250721
ANSO,ACAC,0.29479428531921803,0.676427702391873
HETT,RTTH,0.1016650344706376,0.6770950185194645
HRET,ACAC,0.13631356207140002,0.6772054751590268
HETT,ACIX,0.19274061857757593,0.6777997826951341
ELLT,GARI,0.29987164523780246,0.6801733427705468
HUXZ,DIHO,0.15419943329620317,0.6802152672753915
SPLZ,FWWG,0.23417123666984485,0.6830717890244087
ALUT,HTRK,0.21065501316448357,0.6852325485506714
NPCK,NWIG,0.24774248233572008,0.6852982117058704
ELLT,SMAH,0.13377357411209978,0.6858243101002505
ANSO,ACIX,0.11596981501068926,0.6873775604643296
AENO,OTCS,0.12897337974221137,0.6875698326498154
IHOZ,EELT,0.0880559024684146,0.6888063427477481
HRET,HRND,0.08029051452930988,0.6890819326455304
AMRP,MHRM,0.0840396160038105,0.6895901657978738
ANSO,SPLZ,0.2491069960884335,0.690269605837962
HRET,RCRI,0.14263112678382883,0.6904189130047979
IHOZ,NGTE,0.2452595261795635,0.691312085570547
DUCT,NAYO,0.1589348557621031,0.6918526868687325
CUBO,RCRI,0.1001342364557142,0.692947175259092
HETT,CUBO,0.321524660841309,0.6933285706825417
BLBT,FARS,0.2902800394254111,0.6961233677792555
SRTX,FCSG,0.22941375516280488,0.6963162894757629
ANSO,MTNS,0.24691270592496323,0.6979207261355698
ANSO,MHRM,0.18477388086401458,0.6986218539362484
OTCS,HRND,0.04808972267315666,0.6994439706265565
DUCT,GARI,0.24933849988951234,0.7003521864999294
RRES,MTNS,0.14568820017084597,0.7004649262085717
HRET,GARI,0.15762127925724265,0.700492726266716
DUCT,FCSG,0.1855153784367482,0.7005958379548852
GARI,ACIX,0.3464940578789408,0.7007017767072379
MDGI,ILVX,0.20318063843758782,0.7010778703415261
SMAH,ALUT,0.1192234244286048,0.7019695297504975
FWWG,AETS,0.2169523708566158,0.7024134401489264
ACAC,RCRI,0.11578135235161538,0.7026163226451779
IHOZ,HTRK,0.28293695398256896,0.7033701914994913
HRET,SPLZ,0.059570102233764716,0.7041896068294596
HRET,NWIG,0.15755742341035128,0.7049464184771091
ALGO,AENO,0.4780882214714792,0.7050422299023907
ALGO,HTRK,0.4852696819976695,0.7065496618687849
SPLZ,AGVF,0.25888760423182183,0.708383110687842
AMRP,ACAC,0.24817259936750366,0.7083972845694666
EORC,DIHO,0.12203233109324543,0.7089714887360931
HRET,MHRM,0.0720017484474765,0.7090725990806233
HRET,EAFC,0.13484542770678015,0.7093903228564542
HRET,RRES,0.10928485885605452,0.7097134346961242
ELLT,BLBT,0.3021116596421535,0.7100090672716441
ELLT,SPLZ,0.17306996020743612,0.7101882713935234
HRET,BLBT,0.18913117164863044,0.7102358649548741
HRET,RTTH,0.03983588023576264,0.7109751283536496
HRET,FWWG,0.19548850726286654,0.7118271708943144
HRET,MTNS,0.23686413956152633,0.7121173633525587
NPCK,CTGI,0.10376731158907468,0.7125056646996806
HRET,IHOZ,0.2739964767113829,0.7138790567871557
AENO,SPLZ,0.13488717037207584,0.7145164115285204
HUXZ,NGTE,0.1926957837413212,0.7153226716665894
HRND,FARS,0.11590159541963249,0.7154101178118173
AENO,SRNA,0.3368504933045901,0.7155498607168528
ELLT,MMBT,0.08904924747989344,0.7158118279097307
CUBO,NGTE,0.2617066380741979,0.7163112174027852
SMAH,NPCK,0.23348221868170943,0.7171747427152586
ANSO,MMBT,0.056651715180028206,0.7171924024770553
SMAH,NAYO,0.11025654521629005,0.7178321349373273
NPCK,HRND,0.06988617920806174,0.7191064253827406
GARI,EELT,0.1993961842719499,0.7198865971682389
HRET,ALUT,0.05343183000078595,0.7206914144675751
SMAH,HTRK,0.3083879385277647,0.7210208321663123
FWWG,HTRK,0.15177762868056394,0.7215548633595743
DUCT,MDGI,0.11405125682108504,0.721591711835726
HRET,FCSG,0.11477296940609512,0.7218717660988847
SRTX,RCRI,0.15432829330893652,0.722112473716882
HRET,CCNS,0.15996585146142542,0.7222926857016916
ACAC,HRND,0.07039541755829073,0.7247447594351214
SMAH,ULXY,0.24237178313711014,0.7256878590272495
SRNA,SPLZ,0.18546608352760424,0.726355098838517
ALUT,ILVX,0.22578887911696832,0.7263866163540713
SMAH,FWWG,0.240992097470516,0.7264134142622463
AENO,NPCK,0.2830969971325986,0.726963691478099
EORC,HRET,0.11561550723797492,0.729819563098949
CUBO,FARS,0.17342973684865706,0.7365755330985254
ANSO,DIHO,0.20542073335294375,0.7374614427230082
AENO,DIHO,0.16032889716035037,0.7386498551337677
SMAH,MTNS,0.23535591720585566,0.7393785414265852
DUCT,DIHO,0.19189484928472939,0.7393992158648603
SMAH,DIHO,0.1987450361677078,0.7413060624517581
AENO,RCRI,0.13791692798765418,0.7414580460606353
SMAH,CCNS,0.12690850733769193,0.7424851459107334
ELLT,CCNS,0.21301484483677224,0.7426162218259937
NWIG,FARS,0.11094267063344646,0.7428061090318984
ANSO,RRES,0.13490602761519915,0.745358258365361
SRNA,NAYO,0.13034144446901832,0.7459748279749976
SRNA,HTRK,0.2910695460027225,0.7461484419077505
ANSO,ITPA,0.1690529589410793,0.746533078714317
SMAH,BLBT,0.22649592303103044,0.7471254970782234
HUXZ,FARS,0.15717146711449495,0.7481323619519004
DUCT,SPLZ,0.205311662815636,0.7482041006968868
FWWG,ILVX,0.32053324490093993,0.7484842595223535
RRES,RCRI,0.3478764641394516,0.750640525393881
SRTX,IHOZ,0.3657523485818458,0.7509470918672803
SMAH,NWIG,0.16888258359138805,0.7511536203644906
HETT,DUCT,0.21002566673126533,0.7515405053709294
MSDP,NWIG,0.14409081631321607,0.7519556103490934
NGTE,EAFC,0.20516012067882441,0.7526450276186731
SMAH,SRTX,0.29944092998871163,0.7538838294240773
SMAH,MSDP,0.20144029795909701,0.7543351170912898
FWWG,ITPA,0.37679280881914534,0.7552130510913655
AENO,MSDP,0.13648398563949446,0.7571652681041071
ALUT,HRND,0.12079664390359098,0.7586261014440205
BLBT,BENI,0.21851270717454832,0.7586635629688294
FWWG,BENI,0.2534035459077972,0.7600696463821084
AENO,NAYO,0.07011613580217697,0.7608210574378191
SPLZ,FARS,0.23327128663495422,0.762207154492352
EORC,MHRM,0.14953366173221305,0.7635776291346563
ALGO,CCNS,0.3282411397355238,0.7640139650478318
HRND,FCSG,0.1791084123695912,0.7640540906283382
SMAH,AGVF,0.12612590759583883,0.7647459118412752
SMAH,AETS,0.11835568659642218,0.7668352423883878
SPLZ,IHOZ,0.21484618202235678,0.7673657363813774
MSDP,IHOZ,0.14593303896607818,0.7684355975669925
ELLT,FCSG,0.23902657929743792,0.7685982321108669
MSDP,CTGI,0.16700740978900672,0.7702714881629598
SPLZ,NWIG,0.1770601287712153,0.7703395028056699
EORC,CUBO,0.2885837370938587,0.7708957049004611
SRNA,AETS,0.16407526476971773,0.7712351711194205
SRNA,CCNS,0.20236653801473528,0.7739715618866221
SMAH,HRND,0.06483441400950626,0.774963179192467
HETT,BLBT,0.17890350112795528,0.7759039279089577
AMRP,EAFC,0.23903091917588049,0.776147011599349
GARI,NGTE,0.20243906487716243,0.7767647560063113
ALUT,NGTE,0.10544839439526772,0.7771784300598916
SRNA,RTTH,0.09995607032704762,0.7776413083750938
ANSO,HTRK,0.22359602435155737,0.7779684487496218
CCNS,ULXY,0.04682392400475175,0.7780343754938068
MSDP,DIHO,0.1897151714647215,0.7783140302344633
ANSO,NGTE,0.21244418761853487,0.7787898548086748
CCNS,NGTE,0.11575198435550055,0.7788633356517852
DUCT,CCNS,0.19387402460736913,0.7788882116909759
CCNS,ILVX,0.1635975678241975,0.7793001540000601
ALGO,HRET,0.37128293626706643,0.7821428535536543
ANSO,ULXY,0.223025642382344,0.7835546692853286
ALUT,ACIX,0.2636092282867223,0.7843726512991693
CUBO,ALUT,0.05095333945901289,0.7852106362664377
HUXZ,AETS,0.09569238192555637,0.7853655018336134
RRES,BENI,0.1435164232576342,0.7856447882397486
EORC,EAFC,0.19629089383648216,0.7870888437740912
SRTX,BENI,0.3146083772022868,0.7889026076253987
SMAH,ACAC,0.24724404619528154,0.7889365366199096
NWIG,CCNS,0.09665396464759443,0.7893229019830357
CUBO,AETS,0.189844788907295,0.7910435570614005
SPLZ,GARI,0.24812222975290607,0.7910603575085591
CCNS,ITPA,0.14124187155204387,0.7936007831658727
NWIG,RCRI,0.09058999268973461,0.7953881298091822
SRNA,MSDP,0.25885264714673023,0.7961864287434313
SMAH,EORC,0.1836576410970913,0.7978740889743279
FWWG,EELT,0.22678281021890123,0.7990630446742903
SMAH,NGTE,0.24890137657203043,0.8003977930214532
ALUT,AETS,0.15075826365883901,0.8010903375368895
BLBT,HTRK,0.21853623512773823,0.8016640811434428
ACAC,NGTE,0.1876328683329857,0.8020904660798664
SRNA,AGVF,0.21857686819776467,0.8034320177585286
SMAH,SPLZ,0.19768662942261148,0.8047568744732083
HRND,HTRK,0.1007808243172092,0.8051792804094133
SPLZ,NGTE,0.14753860748672348,0.8064377124758031
EORC,HRND,0.10640611041721092,0.807461779712014
CUBO,BENI,0.4635585228942626,0.8088832504681402
MSDP,ULXY,0.14753072375173512,0.8100097892846182
ELLT,NPCK,0.12280588176266836,0.8101472578290705
SRTX,MTNS,0.22834486022197958,0.8102594108717545
AENO,RTTH,0.11703128077004993,0.8108427033779391
EORC,ACAC,0.25533251236669446,0.8112547623440263
EORC,RRES,0.06014972213488424,0.8112927408730133
FWWG,ULXY,0.19719659270399098,0.8121416224615507
MSDP,HRND,0.12958740331582858,0.8138361470237063
CCNS,HTRK,0.1649739159650687,0.8140435447064205
ANSO,MDGI,0.10775546836940511,0.8143257628703606
ALGO,MSDP,0.4800205049039598,0.8144570065004203
EORC,FWWG,0.18035992154093924,0.8146270504879627
SPLZ,FCSG,0.2476078171366105,0.8159796977347288
BLBT,ITPA,0.35078628230922415,0.8161648869777578
AGVF,ILVX,0.2734447628601157,0.8162016372846339
MDGI,FARS,0.1216082560409065,0.8173621008700096
ELLT,MSDP,0.23059326757543613,0.8182215910434848
SPLZ,HRND,0.21018089412401583,0.8192350346416265
SMAH,RRES,0.21149717907809837,0.8203698772181462
HRND,NGTE,0.10681880260664027,0.8210151423695609
GARI,HTRK,0.27429597312906273,0.8220995006557512
CUBO,HTRK,0.3347785252393699,0.8228192849968904
AGVF,CTGI,0.15914961448065426,0.82357750708445
EORC,SPLZ,0.18460535908888348,0.8253404970068584
SRNA,FCSG,0.1368270530556682,0.8254289574079055
CCNS,AETS,0.13942173162226737,0.8268833487272436
SMAH,MHRM,0.16168763595470453,0.8269525896910273
SMAH,MDGI,0.19795149853173713,0.8282628847499995
ALGO,NPCK,0.4386983047424133,0.829067625761137
ALGO,LSST,0.4332102239900341,0.8295012817830847
SRNA,NPCK,0.2668363884067258,0.829823285666107
GARI,ULXY,0.1255326899859016,0.8301240320454507
EORC,SRTX,0.2510724587623605,0.8307983194837981
SMAH,EAFC,0.15570076053637033,0.8311803769726167
AENO,ALUT,0.1131569959191078,0.8323491295929442
AGVF,HTRK,0.18076326466025056,0.8328569267125552
NPCK,EELT,0.10158811267504325,0.8337929896028956
HUXZ,MTNS,0.2712191920321235,0.8341558827543387
BLBT,ILVX,0.24991280456058942,0.8354051353703877
HUXZ,BENI,0.2920162215462413,0.8356923093166941
AGVF,ITPA,0.19861862265631125,0.8360653680590439
NWIG,MDGI,0.11265093897906509,0.836388991717874
OTCS,ITPA,0.12211659333946405,0.8366666879761319
DUCT,RCRI,0.18362613735182234,0.8372878110986737
DUCT,FARS,0.15842584606856333,0.8376701151485311
NPCK,DIHO,0.14268101206312428,0.8388635295667181
ALGO,AMRP,0.4042148417346184,0.8403820524357368
ALGO,ALUT,0.3363313311931056,0.8413557972233626
ALGO,RTTH,0.3709742136424469,0.8414355226973258
HUXZ,ANSO,0.18984653363411003,0.8417948692774173
SMAH,CUBO,0.24633289616209686,0.8428697416118296
ALGO,FCSG,0.41327913558811236,0.8433727192175493
CUBO,ANSO,0.2677941172385539,0.8455030207298628
OTCS,ACIX,0.08543691810429506,0.845966786845661
CUBO,MDGI,0.14667483310163762,0.8461370685807472
MSDP,EELT,0.1524842610697879,0.8466735437903347
SRTX,NGTE,0.2644677275728095,0.8468423971297971
SPLZ,AETS,0.233005093925451,0.8468740754904608
EORC,MDGI,0.12480055336469255,0.8473013127783848
MSDP,ITPA,0.3109205323310589,0.8477846463364154
OTCS,SMAH,0.15006536890889557,0.8483166448561934
AGVF,AETS,0.17796673711625766,0.8493706614892471
DUCT,EORC,0.2716263087565337,0.8495287366205511
NPCK,NGTE,0.21077550155651442,0.8497434040197127
SRNA,ELLT,0.1833973916126693,0.852185304723065
ELLT,FARS,0.16679433000547747,0.8544308787925432
SRNA,OTCS,0.2574832545392249,0.8544702802163016
DUCT,MSDP,0.25515029251273513,0.8545519539316331
DUCT,NPCK,0.26797027909004495,0.8547191126400724
GARI,AETS,0.224623186793666,0.8561019895521913
NPCK,ITPA,0.16792492460877945,0.8564661829054268
OTCS,DIHO,0.10021936489271903,0.8572245951484988
AENO,EORC,0.28214258657930674,0.85766203320168
AGVF,EELT,0.20914892081876252,0.8579729028317229
ALGO,OTCS,0.356952061637905,0.8582359657462599
NWIG,ALUT,0.12167042491670634,0.8618751975302541
HUXZ,MMBT,0.15910717683562317,0.8636507193983151
EORC,EELT,0.12090984764250853,0.8637808326019059
DUCT,HTRK,0.26531759430409035,0.8644057875307256
OTCS,HETT,0.1989601855517035,0.8646944484784078
RRES,HTRK,0.10945061663143552,0.8651796806286638
RRES,CTGI,0.3395718847778715,0.8652683758449758
ELLT,OTCS,0.17434299990068688,0.8655597327355421
ACAC,FARS,0.1695963183533443,0.8675791921238039
AENO,MDGI,0.20775765382566896,0.8678371492511859
ALGO,GARI,0.519408873615204,0.8678875459614499
RRES,ITPA,0.20781864361159677,0.8693643754936928
ALGO,EELT,0.45554722687111593,0.8706795471900812
NPCK,EORC,0.2898276062630914,0.8707900956455021
SPLZ,BENI,0.2394270482451827,0.8708563566555969
EORC,BLBT,0.13846139998524665,0.8721394259129756
DUCT,NGTE,0.34549418652848773,0.8726291351696047
SRNA,ALUT,0.0969554843482709,0.8727023236761162
ALGO,FARS,0.3337794622359573,0.8733491193349623
NPCK,ILVX,0.3928238044565138,0.8735806225349179
SRNA,GARI,0.242429391202525,0.8743423662130794
ALGO,ANSO,0.40175054423819184,0.8749786860476524
EORC,NAYO,0.12666279256976462,0.8775265874527305
MSDP,EORC,0.21064014956636248,0.8794835054944674
DUCT,AETS,0.2242894795313957,0.8801575717757857
ACAC,BENI,0.33726400250860294,0.8802740639977612
SPLZ,RCRI,0.2013260468416281,0.8825605442729868
DUCT,RTTH,0.08217133748282647,0.8827798698010794
ALGO,HETT,0.46205195539833943,0.8838256955476615
AGVF,ACIX,0.22779035715624,0.8839902452961076
AGVF,ULXY,0.0970533151526647,0.8843640502479715
AENO,NGTE,0.24098258836520398,0.8844190330401109
DUCT,ANSO,0.23602373428176987,0.8859884435593539
ILVX,EAFC,0.24187989508974286,0.8870768622374108
NPCK,ACIX,0.18746820524956967,0.8873087216968427
MSDP,NGTE,0.1929639673848717,0.8879625826771453
HUXZ,MDGI,0.16656799178857307,0.8879977548363134
SRNA,ILVX,0.3886743238873376,0.888878036765979
ALGO,ULXY,0.3954970984685174,0.8900484716622016
EORC,AGVF,0.15612075342214218,0.8901271516398916
SRNA,HRET,0.35162677750552734,0.8904645178360788
CUBO,MTNS,0.38126325072986755,0.8906891231979526
HRND,AETS,0.14679213112631873,0.8908003187420349
EORC,NWIG,0.1810167077917651,0.8910331985469645
ALGO,ACIX,0.49340160795329824,0.8919462488713755
NWIG,CTGI,0.08621760190325581,0.892693277705769
NWIG,HTRK,0.27703579192615374,0.8928557330820253
NWIG,NGTE,0.26838871133675496,0.8940895729749732
ACAC,MTNS,0.3035864417900802,0.8948171390299211
RRES,ILVX,0.1351296620893745,0.8960857095884591
OTCS,HRET,0.15575857967558077,0.898816636036324
ALGO,ITPA,0.490473331301546,0.8989622315171537
ALGO,BENI,0.5260925187764959,0.8990175311149943
SRNA,FARS,0.2202158643579219,0.8995195548952919
NWIG,AETS,0.11071658954383554,0.8997355586715656
ALGO,ILVX,0.5900418852769103,0.899791336984797
DUCT,ALUT,0.16695508615220422,0.9008165351832698
MSDP,ACIX,0.25249611681732465,0.9015898846078523
ALGO,RCRI,0.46790723265984746,0.9019054995229274
ALGO,MTNS,0.47638390220230353,0.9021531398067639
SRNA,ULXY,0.26614374469451996,0.9022241941814768
CUBO,HRET,0.24667342333561365,0.9027655461234938
ALGO,IHOZ,0.4839689769659324,0.9027862365650918
EORC,HTRK,0.22685869258962288,0.9030940770447964
MSDP,ILVX,0.2558268226261679,0.9038399135333428
MSDP,HTRK,0.24762187916583378,0.9043454306650525
SRNA,MMBT,0.07145747531367937,0.9045570370295971
SPLZ,MMBT,0.15294497658786652,0.9046940976549425
SRNA,ITPA,0.2328296233123779,0.9053320693369791
SRTX,ILVX,0.3687402788770243,0.9055506034737724
ALGO,SMAH,0.45287989139781576,0.9061573383226353
AENO,CTGI,0.12378345211593335,0.9062073652321446
OTCS,AETS,0.09111047531401065,0.9079715075393825
RRES,ACIX,0.1794145490950553,0.9101631919024566
NPCK,ULXY,0.1972393202880926,0.9105614175168003
SPLZ,ULXY,0.14552545027330302,0.9117130019657016
RRES,ULXY,0.10862648220432546,0.9137560378409317
NPCK,HRET,0.1993749251945774,0.916599783958647
HUXZ,CTGI,0.19948051191445568,0.9169177089269684
AENO,SMAH,0.24561248588539608,0.917126545535819
AENO,HTRK,0.2955363328103634,0.9179484152318635
ACAC,AETS,0.14903147485958035,0.9180465220001188
MSDP,HRET,0.14639362211787132,0.9181321368141094
CUBO,CTGI,0.18406594313696006,0.9183361035152615
DUCT,SMAH,0.3353741874334728,0.9184326128147595
ALGO,MMBT,0.40789994676018737,0.9185855075767323
NWIG,MMBT,0.06129074394399328,0.9206491916050448
HUXZ,HRET,0.23217009172578718,0.9206920087333244
NPCK,HTRK,0.2982113699332605,0.9211970909017906
OTCS,ULXY,0.1349262957828351,0.92193888836103
ILVX,MHRM,0.23031003731507763,0.9219855358751691
HUXZ,SMAH,0.25742303724120247,0.9220429939797555
NWIG,BENI,0.2706244567848382,0.9228104052217494
OTCS,EORC,0.17086652146085177,0.9233363985981882
ALGO,CTGI,0.42229370154357065,0.9236661637244916
NPCK,AETS,0.16425600536356783,0.9241516898399912
AENO,MMBT,0.12893526924468943,0.9245799456879759
SRTX,AETS,0.16988408774274624,0.9250313017173926
NWIG,ULXY,0.16663586589324916,0.9259872790622323
SRNA,RCRI,0.17509953362154174,0.9275291850284271
SPLZ,CTGI,0.1189207598677431,0.9277086815809221
NWIG,ILVX,0.31988021241741815,0.9280472458321314
AENO,AETS,0.1905711404556683,0.9288531267315121
HUXZ,ILVX,0.36272136830772445,0.9288912079246695
SRTX,EELT,0.12466499207644648,0.9290825652725675
OTCS,HTRK,0.21628764270344203,0.9295384646931838
SRTX,ULXY,0.2519676017444606,0.9298836266564616
HUXZ,ITPA,0.23625136255759133,0.9302861512795773
RRES,EELT,0.29586203902085617,0.9304082880402077
MSDP,AETS,0.21571041025117443,0.9305499349292473
OTCS,ILVX,0.23236634882011042,0.9310316374105263
OTCS,NGTE,0.18104953502327248,0.9354000451505824
CUBO,MMBT,0.10405877779835163,0.9358533258482508
SPLZ,ITPA,0.2161684554840839,0.9361058313362887
DUCT,MMBT,0.11999652497346555,0.9371498755635113
HUXZ,ULXY,0.1980573613754086,0.9378139446186837
DUCT,HRET,0.26298138075155375,0.9384402548268144
SPLZ,HTRK,0.18664344344109748,0.9391312748034156
HUXZ,ACIX,0.16712521301693178,0.9398072196822578
SPLZ,EELT,0.17199096467830158,0.9403446972594409
ACAC,HTRK,0.3324165416628709,0.9404160816631478
SPLZ,ACIX,0.2376217418117091,0.9414671393263838
NGTE,FCSG,0.12951560513304064,0.9421028414022488
SPLZ,ILVX,0.22213199001357797,0.9425143697707292
HUXZ,EELT,0.14526098768896722,0.9431027516298789
SRNA,EELT,0.13130597208445602,0.9439813274036916
SRNA,MTNS,0.3812613680340786,0.9446358307533893
SRTX,HTRK,0.2691487388056972,0.9447224281032468
AENO,BENI,0.30068176705554267,0.9451345262084815
CUBO,ACIX,0.14179164199728223,0.9454068977945871
DUCT,CTGI,0.13936990726047024,0.9459544171118354
SRTX,ITPA,0.12198075777389039,0.9461358979154019
SRNA,SMAH,0.2610390932030999,0.9461565905347439
SRNA,ACIX,0.2527218053023615,0.9462644984419554
AENO,ILVX,0.3458103533374605,0.94699873099125
SRNA,CTGI,0.13375795147470781,0.9488049723933595
CUBO,ITPA,0.192437522989044,0.9501164217820285
NWIG,ITPA,0.16752557836027837,0.95037363724336
CUBO,EELT,0.1625468004685525,0.9504198282137597
SPLZ,MDGI,0.23559868473758502,0.950513184277358
AENO,MTNS,0.27517966003938205,0.9506579078234874
SRTX,ACIX,0.17191157754779504,0.9514066423843885
DUCT,ILVX,0.39249356442761824,0.9516913818616474
CUBO,ILVX,0.3712174117840089,0.9517298964035913
DUCT,EELT,0.11137716452227259,0.9519259925150904
DUCT,MTNS,0.305579524698685,0.9527728592380849
DUCT,ITPA,0.2520315338725599,0.9547183859753299
OTCS,MDGI,0.08647873352660952,0.954960526063894
NWIG,EELT,0.07482224875411829,0.9555635380574263
NPCK,MDGI,0.2181200034350462,0.9556669111993286
NWIG,ACIX,0.1367052721154986,0.9559694129379961
SRNA,ANSO,0.25981681792945005,0.9563578307341086
DUCT,ACIX,0.24614390316006565,0.957123300558318
MSDP,MDGI,0.15623308108859207,0.9571994517190728
DUCT,BENI,0.3838015364695147,0.9572740222405637
SRNA,AMRP,0.2166988456711067,0.9577485913670396
SRNA,HETT,0.2894808869292017,0.9582382467183729
AENO,AMRP,0.2627936698944304,0.9582872500905886
CUBO,ULXY,0.33445058328389193,0.9585285487926227
EORC,ACIX,0.18352274549534228,0.9599025115940859
NWIG,MTNS,0.2084805721313956,0.9599728402343352
EORC,CCNS,0.10844328389216713,0.9599794555256917
ACAC,ULXY,0.20865027126707814,0.9637659406489311
EORC,IHOZ,0.23043858162411254,0.9640657117467161
EORC,FCSG,0.13035370717889494,0.9650789785844585
ACAC,ITPA,0.20559244427422851,0.9658102876416214
EORC,CTGI,0.12844039416570752,0.9659684953014666
AENO,EELT,0.06869942359549441,0.9664461951803259
EORC,ALUT,0.0993351416261719,0.9668759198201207
SRNA,BENI,0.43718561245020837,0.9670700441772071
EORC,RTTH,0.09165025573637998,0.9674299978540364
AENO,HETT,0.23613849581220372,0.9683336913695663
AENO,ULXY,0.24834155677370626,0.9694283561560545
HRND,ILVX,0.19074196994259537,0.9696512776803051
AENO,HRET,0.239481338950581,0.9705621640593949
NGTE,ILVX,0.31549249626067294,0.9721743815884684
AENO,ELLT,0.21158332682996323,0.9722726257002683
HRND,BENI,0.10236318400274368,0.9728395521391541
ACAC,ILVX,0.3906700702525205,0.9731966463490911
AENO,LSST,0.23956501062538285,0.9736022150908802
HUXZ,HTRK,0.30592477317068084,0.9740998008459141
AENO,ITPA,0.20390087788581412,0.9744232376366891
ACAC,ACIX,0.2551980402470039,0.9746536824547785
NGTE,FARS,0.1608712077904361,0.9750483103982092
EORC,ITPA,0.1346158566392549,0.9751196625385041
EORC,BENI,0.26742195494175847,0.9768072494495058
EORC,GARI,0.18547008077749075,0.9778137226316448
EORC,ULXY,0.1483604447251898,0.9781336457598162
EORC,RCRI,0.14462739970945002,0.9785677686352704
EORC,MTNS,0.2850308122117016,0.9794426653940389
AENO,ACIX,0.19070654407253593,0.9802291006162169
ACAC,EELT,0.07965122552820533,0.9809759242277314
EORC,MMBT,0.056710368742858994,0.9811580922177794
DUCT,ULXY,0.23830024203286954,0.9812024189717016
EORC,ILVX,0.341481670596437,0.9816822484537947
EORC,FARS,0.11202948620763133,0.981869102187375
EORC,ANSO,0.2071802033632519,0.9821164334150553
HRND,ITPA,0.17458102839704975,0.9839544334265152
HRND,ULXY,0.034784303443706394,0.9869530402808331
