instrument_1,instrument_2,correlation
ALGO,ILVX,0.5900418852769103
ALGO,BENI,0.5260925187764959
ALGO,CUBO,0.5231704318959408
ALGO,BLBT,0.5221081212497665
ALGO,DUCT,0.5217759714972393
ALGO,GARI,0.519408873615204
ALGO,SRNA,0.5124914435424038
ALGO,FWWG,0.5001650988928044
ALGO,ACIX,0.49340160795329824
ALGO,ITPA,0.490473331301546
ALGO,HTRK,0.4852696819976695
ALGO,SRTX,0.4849511766903371
ALGO,IHOZ,0.4839689769659324
ALGO,MSDP,0.4800205049039598
ALGO,NGTE,0.4781105609448496
ALGO,AENO,0.4780882214714792
ALGO,MTNS,0.47638390220230353
ALGO,RRES,0.4687420429631212
ALGO,RCRI,0.46790723265984746
ALGO,HUXZ,0.46723331690685144
ALGO,SPLZ,0.46650836155763686
ALGO,ACAC,0.4653711149436065
CUBO,BENI,0.4635585228942626
ALGO,EAFC,0.4622934208411896
ALGO,HETT,0.46205195539833943
IHOZ,ILVX,0.45622396863304077
ALGO,EELT,0.45554722687111593
ALGO,SMAH,0.45287989139781576
ALGO,ELLT,0.44506752194101856
BENI,ILVX,0.4436572198272673
ALGO,NPCK,0.4386983047424133
ACIX,ITPA,0.4385681169347395
SRNA,BENI,0.43718561245020837
ALGO,LSST,0.4332102239900341
ALGO,NAYO,0.43150186682370156
ALGO,AGVF,0.4292280279318906
ALGO,DIHO,0.42902685976518
ALGO,MDGI,0.4263690556140507
ALGO,CTGI,0.42229370154357065
ALGO,MHRM,0.42008185012381555
ALGO,EORC,0.41954740327033935
ALGO,FCSG,0.41327913558811236
RRES,NAYO,0.4125985985804037
ALGO,MMBT,0.40789994676018737
ALGO,AMRP,0.4042148417346184
ALGO,ANSO,0.40175054423819184
ALGO,AETS,0.3972397633808915
ALGO,ULXY,0.3954970984685174
MSDP,EAFC,0.39483505501979893
NPCK,ILVX,0.3928238044565138
DUCT,ILVX,0.39249356442761824
ACAC,ILVX,0.3906700702525205
SRNA,ILVX,0.3886743238873376
MTNS,BENI,0.38541609159491746
DUCT,BENI,0.3838015364695147
ALGO,NWIG,0.3813831884655358
CUBO,MTNS,0.38126325072986755
SRNA,MTNS,0.3812613680340786
AENO,SRTX,0.378676870566103
NAYO,EELT,0.37862982179731136
FWWG,ITPA,0.37679280881914534
MHRM,EAFC,0.37552835451285127
LSST,ILVX,0.375325214702217
FWWG,BLBT,0.3745113224184164
AENO,CUBO,0.3716435379501724
MSDP,SPLZ,0.37157781793547245
ALGO,HRET,0.37128293626706643
CUBO,ILVX,0.3712174117840089
ALGO,RTTH,0.3709742136424469
SRTX,ILVX,0.3687402788770243
SRTX,IHOZ,0.3657523485818458
MSDP,MHRM,0.3653802743947399
HETT,BENI,0.36331064496033577
MTNS,ILVX,0.3631617535840014
HUXZ,ILVX,0.36272136830772445
HETT,ILVX,0.36204302530458493
ALGO,OTCS,0.356952061637905
BENI,HTRK,0.35444841434174906
GARI,BLBT,0.3543220340688369
CUBO,SRTX,0.3527008211740147
ACIX,FWWG,0.352660298118384
SRNA,HRET,0.35162677750552734
BLBT,ITPA,0.35078628230922415
RRES,RCRI,0.3478764641394516
GARI,ACIX,0.3464940578789408
IHOZ,BENI,0.3462656119995143
AENO,ILVX,0.3458103533374605
DUCT,NGTE,0.34549418652848773
SPLZ,EAFC,0.3438782049733185
EORC,ILVX,0.341481670596437
SRNA,CUBO,0.3414287544081975
ACAC,SRTX,0.3403206590201891
RRES,CTGI,0.3395718847778715
SRNA,DUCT,0.33952656158771005
LSST,BENI,0.3392992751749819
AENO,ACAC,0.33775534134752366
ACAC,BENI,0.33726400250860294
AENO,SRNA,0.3368504933045901
CUBO,NWIG,0.33656098928094685
ALGO,HRND,0.33650354725457965
ALGO,ALUT,0.3363313311931056
DUCT,SMAH,0.3353741874334728
CUBO,HTRK,0.3347785252393699
CUBO,ULXY,0.33445058328389193
ALGO,FARS,0.3337794622359573
LSST,IHOZ,0.3333219512599676
ACAC,HTRK,0.3324165416628709
NPCK,BENI,0.33090394492820435
DUCT,IHOZ,0.32996029840152835
ALGO,CCNS,0.3282411397355238
ALUT,EAFC,0.32730840601770655
HUXZ,CUBO,0.3266550080135955
RTTH,RRES,0.3266428070587865
NPCK,SRTX,0.32589388308259815
AENO,IHOZ,0.3257838889143415
LSST,SRNA,0.3248330066253022
LSST,ACAC,0.32477939411276097
NPCK,CUBO,0.32467464735479185
NPCK,IHOZ,0.32459121116576073
SRNA,IHOZ,0.32457765035223785
HETT,CUBO,0.321524660841309
FWWG,ILVX,0.32053324490093993
LSST,NPCK,0.3204721897841733
MDGI,ITPA,0.3203045504614072
NWIG,ILVX,0.31988021241741815
MTNS,HTRK,0.3195485720824708
GARI,MHRM,0.31796403142379787
ULXY,ILVX,0.3173963740189933
HETT,ACAC,0.31720802397303177
MTNS,IHOZ,0.31698086923114693
AETS,EAFC,0.3169390663447093
ACIX,BLBT,0.31669141892849323
NGTE,ILVX,0.31549249626067294
ITPA,MHRM,0.31534057495481954
LSST,DUCT,0.31464206533169126
SRTX,BENI,0.3146083772022868
SPLZ,MHRM,0.31448441574690245
CUBO,FWWG,0.31407645875380075
NPCK,MTNS,0.3118933898864033
FWWG,FARS,0.3112209613570626
MSDP,ITPA,0.3109205323310589
SMAH,IHOZ,0.3106389824506874
MTNS,NGTE,0.31008615492180036
NWIG,IHOZ,0.3096410301508629
SRNA,HUXZ,0.3096330207601292
EELT,BLBT,0.30928075352299395
HTRK,ILVX,0.30919905212374316
SMAH,HTRK,0.3083879385277647
GARI,ILVX,0.3078927926152092
DUCT,FWWG,0.30777890748511794
CTGI,NAYO,0.3065837272549279
HUXZ,HTRK,0.30592477317068084
DUCT,MTNS,0.305579524698685
BENI,NGTE,0.3046894280338234
NPCK,ACAC,0.304020554600213
ACAC,MTNS,0.3035864417900802
MMBT,NAYO,0.3025898691880597
ELLT,BLBT,0.3021116596421535
ANSO,ILVX,0.30099430464443216
AENO,BENI,0.30068176705554267
ELLT,GARI,0.29987164523780246
OTCS,DUCT,0.2995210977906073
SMAH,SRTX,0.29944092998871163
ULXY,BENI,0.2991273540952702
SPLZ,BLBT,0.2985011293011358
GARI,ITPA,0.298498513591418
NPCK,HTRK,0.2982113699332605
ELLT,ITPA,0.2981490787058304
MMBT,RRES,0.2978394139888028
SMAH,ILVX,0.29759477401235007
BLBT,EAFC,0.2967007932118801
RCRI,EELT,0.2963795245967529
LSST,HETT,0.2962996424638847
RRES,EELT,0.29586203902085617
AENO,HTRK,0.2955363328103634
ANSO,ACAC,0.29479428531921803
ALUT,BLBT,0.2946006862520556
ACIX,MHRM,0.2941725836425204
MSDP,BLBT,0.2939803705674563
AENO,HUXZ,0.29363731259818215
MDGI,ACIX,0.29304513876496635
HUXZ,BENI,0.2920162215462413
SRNA,ACAC,0.2918598766316106
SRNA,HTRK,0.2910695460027225
SMAH,BENI,0.29081723388966335
BLBT,FARS,0.2902800394254111
AENO,DUCT,0.28994091979441683
NPCK,EORC,0.2898276062630914
ITPA,EAFC,0.28960832325995534
SRNA,HETT,0.2894808869292017
CUBO,IHOZ,0.28874979386341887
EORC,CUBO,0.2885837370938587
RCRI,NAYO,0.28831117731804834
DUCT,CUBO,0.28723667866156577
HRET,BENI,0.28705443379264817
AMRP,MTNS,0.2861584064479876
ACIX,ILVX,0.2852693745645222
HETT,SRTX,0.2851936245370348
EORC,MTNS,0.2850308122117016
ANSO,BENI,0.28489180567378036
CUBO,ACAC,0.2842916113341947
ACIX,FCSG,0.28383674840792306
HUXZ,GARI,0.2833266475877268
HUXZ,SRTX,0.28327646932824546
AENO,NPCK,0.2830969971325986
IHOZ,HTRK,0.28293695398256896
HUXZ,IHOZ,0.28225768366365955
AENO,EORC,0.28214258657930674
MSDP,FWWG,0.28208867607950816
HETT,NGTE,0.28077350613001734
MMBT,EELT,0.2802273408296923
DIHO,ACIX,0.279030204088834
SRNA,NGTE,0.27847682527928463
HETT,GARI,0.27844145936895803
SRNA,FWWG,0.27716198558841865
NWIG,HTRK,0.27703579192615374
ACIX,EAFC,0.27614288502088485
AENO,MTNS,0.27517966003938205
LSST,SRTX,0.275104086892219
GARI,IHOZ,0.2746765967408274
GARI,HTRK,0.27429597312906273
MSDP,GARI,0.27422732561792135
DIHO,FWWG,0.2742248381595936
HRET,IHOZ,0.2739964767113829
SRNA,SRTX,0.2738117845404072
CTGI,RCRI,0.27375891074974595
AGVF,ILVX,0.2734447628601157
HTRK,NGTE,0.27309886472395317
ELLT,ACIX,0.27205846441115666
LSST,CUBO,0.2717094621140146
DUCT,EORC,0.2716263087565337
HUXZ,MTNS,0.2712191920321235
AENO,FWWG,0.2706893705378361
NWIG,BENI,0.2706244567848382
GARI,FCSG,0.2697533397947832
SRTX,HTRK,0.2691487388056972
ACAC,IHOZ,0.2687475799345522
NWIG,NGTE,0.26838871133675496
HETT,MTNS,0.2681625748883796
DUCT,NPCK,0.26797027909004495
CUBO,ANSO,0.2677941172385539
EORC,BENI,0.26742195494175847
DUCT,BLBT,0.26738388843590055
SRNA,NPCK,0.2668363884067258
ACAC,GARI,0.2668155598602341
SRNA,ULXY,0.26614374469451996
LSST,HUXZ,0.2659944980640243
MMBT,RCRI,0.2657641385611719
ACIX,FARS,0.2655769087749828
DUCT,HTRK,0.26531759430409035
ELLT,FWWG,0.26469079157808906
SRTX,NGTE,0.2644677275728095
AETS,ITPA,0.26445152480548595
DIHO,EAFC,0.26385982582995215
SPLZ,ALUT,0.26363296089948773
ALUT,ACIX,0.2636092282867223
AMRP,BENI,0.263443400383381
DUCT,HRET,0.26298138075155375
AENO,AMRP,0.2627936698944304
RRES,BLBT,0.26185624579389605
CUBO,NGTE,0.2617066380741979
SRNA,SMAH,0.2610390932030999
DIHO,ILVX,0.2601556276530076
SRNA,ANSO,0.25981681792945005
HETT,NPCK,0.2598160160260531
HETT,IHOZ,0.2594351280118351
FCSG,MHRM,0.2593493175036403
SPLZ,AGVF,0.25888760423182183
SRNA,MSDP,0.25885264714673023
DIHO,BLBT,0.2584903409288255
NWIG,SRTX,0.25802331487548713
DUCT,SRTX,0.257781500225927
SRNA,OTCS,0.2574832545392249
HUXZ,SMAH,0.25742303724120247
AMRP,ILVX,0.2572544608464605
ELLT,AMRP,0.25699620305204124
HRET,ILVX,0.2568678576327926
AENO,ANSO,0.2567324337637672
MSDP,BENI,0.25666094603872563
MTNS,ULXY,0.25636972773723493
MSDP,ILVX,0.2558268226261679
GARI,FWWG,0.25577590100917247
LSST,HTRK,0.25565723069998275
AGVF,EAFC,0.2554980463023208
EORC,ACAC,0.25533251236669446
RTTH,EELT,0.25528027868148034
ACAC,ACIX,0.2551980402470039
DUCT,MSDP,0.25515029251273513
ANSO,IHOZ,0.2546026047075804
MTNS,ITPA,0.2543312962439629
FWWG,EAFC,0.25405932768377715
FWWG,BENI,0.2534035459077972
OTCS,MTNS,0.25335971169566307
ELLT,AGVF,0.2532606498784977
AGVF,BLBT,0.2529825598766993
AMRP,CUBO,0.252938359356702
AENO,NWIG,0.2529253942111988
SRNA,ACIX,0.2527218053023615
GARI,BENI,0.2526645014072889
AMRP,NGTE,0.2525639843143287
MSDP,ACIX,0.25249611681732465
DUCT,ITPA,0.2520315338725599
SRTX,ULXY,0.2519676017444606
NWIG,FWWG,0.2519641138271266
GARI,HRND,0.2518016057871075
HETT,HTRK,0.25172187546144603
EORC,SRTX,0.2510724587623605
BLBT,MHRM,0.2500710649642622
BLBT,ILVX,0.24991280456058942
HUXZ,ACAC,0.24975116189990235
DUCT,GARI,0.24933849988951234
ANSO,SPLZ,0.2491069960884335
SMAH,NGTE,0.24890137657203043
AENO,ULXY,0.24834155677370626
ACIX,HRND,0.24824547663853333
AMRP,ACAC,0.24817259936750366
SPLZ,GARI,0.24812222975290607
NPCK,NWIG,0.24774248233572008
MSDP,HTRK,0.24762187916583378
SPLZ,FCSG,0.2476078171366105
DIHO,SPLZ,0.2475523113326611
SMAH,ACAC,0.24724404619528154
ITPA,HTRK,0.24710297615018192
HUXZ,DUCT,0.24702523203755714
ANSO,MTNS,0.24691270592496323
CUBO,HRET,0.24667342333561365
ULXY,NGTE,0.24645305511791263
SMAH,CUBO,0.24633289616209686
AENO,BLBT,0.2461939620886674
DUCT,ACIX,0.24614390316006565
AENO,SMAH,0.24561248588539608
IHOZ,NGTE,0.2452595261795635
NWIG,ACAC,0.2451603402905635
DUCT,ACAC,0.24481551061666532
SRNA,BLBT,0.24465252885434985
DUCT,EAFC,0.24424302584637686
NPCK,AGVF,0.24286803188484485
ACIX,NGTE,0.24276233856094553
AGVF,IHOZ,0.24244993621705632
SRNA,GARI,0.242429391202525
SMAH,ULXY,0.24237178313711014
RTTH,CTGI,0.24228311155008425
RTTH,RCRI,0.24214949648685372
CTGI,EELT,0.24196812012057942
ITPA,ILVX,0.2419387423211516
ILVX,EAFC,0.24187989508974286
RCRI,FWWG,0.2412675695077043
SMAH,FWWG,0.240992097470516
AENO,NGTE,0.24098258836520398
GARI,EAFC,0.2407794182842062
HRND,MHRM,0.24046001200860495
AENO,AGVF,0.24021159151348126
AENO,LSST,0.23956501062538285
AENO,HRET,0.239481338950581
SPLZ,BENI,0.2394270482451827
AMRP,EAFC,0.23903091917588049
ELLT,FCSG,0.23902657929743792
FWWG,MHRM,0.23875403013395666
DUCT,ULXY,0.23830024203286954
ELLT,EAFC,0.23784893282496686
DUCT,NWIG,0.23771808235634237
SPLZ,ACIX,0.2376217418117091
CUBO,AGVF,0.23719545713345794
GARI,RCRI,0.23717672721846825
ALUT,GARI,0.23713624702399425
HRET,MTNS,0.23686413956152633
OTCS,BENI,0.23652205678431093
HUXZ,ITPA,0.23625136255759133
AENO,HETT,0.23613849581220372
DUCT,ANSO,0.23602373428176987
RCRI,BLBT,0.2357918521574328
SPLZ,MDGI,0.23559868473758502
SMAH,MTNS,0.23535591720585566
GARI,FARS,0.2343417581186924
SPLZ,FWWG,0.23417123666984485
ELLT,ILVX,0.23405429826196428
ELLT,ACAC,0.2339265148250663
AGVF,FWWG,0.23358950511545476
MSDP,CUBO,0.23354782043894243
SMAH,NPCK,0.23348221868170943
SPLZ,FARS,0.23327128663495422
DIHO,BENI,0.23315807015467765
LSST,MTNS,0.23303118487769686
SPLZ,AETS,0.233005093925451
SRNA,ITPA,0.2328296233123779
DIHO,ITPA,0.23274079656980043
MSDP,ALUT,0.23267777978356588
OTCS,ILVX,0.23236634882011042
HUXZ,HRET,0.23217009172578718
AMRP,ANSO,0.23198357859240717
ITPA,FCSG,0.2319499143630992
EORC,NGTE,0.23185525860509076
MSDP,RTTH,0.2312901778476382
ACIX,AETS,0.2311967504080798
ALUT,ITPA,0.23067252058187884
ELLT,MSDP,0.23059326757543613
BLBT,FCSG,0.2304854993570578
NPCK,GARI,0.2304783892652639
EORC,IHOZ,0.23043858162411254
ILVX,MHRM,0.23031003731507763
DIHO,HRND,0.23006953517461717
HUXZ,BLBT,0.22988987555233353
SRTX,FCSG,0.22941375516280488
AENO,GARI,0.22909814207711005
LSST,SMAH,0.22883763311251915
MSDP,RRES,0.2286957635641137
ALUT,MHRM,0.22857496857504747
SRTX,MTNS,0.22834486022197958
SRTX,BLBT,0.22802023187285997
AGVF,ACIX,0.22779035715624
MSDP,MTNS,0.22724032455056226
EORC,HTRK,0.22685869258962288
FWWG,EELT,0.22678281021890123
SMAH,BLBT,0.22649592303103044
SRNA,EORC,0.22638480377875153
DUCT,MHRM,0.22632949795208396
MDGI,HTRK,0.2261783177747369
AGVF,HRND,0.2260744610521382
LSST,EORC,0.22592515230965243
ALUT,ILVX,0.22578887911696832
RTTH,NAYO,0.22573367435489589
NPCK,EAFC,0.22572982861364646
ULXY,HTRK,0.22487015236390415
SRNA,DIHO,0.2247940196000288
GARI,AETS,0.224623186793666
MDGI,HRND,0.22444555273719866
DUCT,AETS,0.2242894795313957
DIHO,GARI,0.22401146148299028
HETT,EORC,0.2238095431516807
FWWG,NGTE,0.22369654295039496
ANSO,HTRK,0.22359602435155737
ANSO,ULXY,0.223025642382344
HRND,EAFC,0.2229618261886765
SPLZ,ILVX,0.22213199001357797
IHOZ,ULXY,0.22205551395551146
DIHO,RCRI,0.22196670484376327
MDGI,BLBT,0.22172753853955599
CUBO,DIHO,0.22171242257448784
GARI,MTNS,0.22119978528046444
MDGI,GARI,0.2210925535325502
AMRP,HUXZ,0.22092831308925617
AGVF,SRTX,0.2205940369106505
RRES,GARI,0.22048907489509037
AETS,MHRM,0.22047539869676863
AMRP,IHOZ,0.2204338792264232
ACAC,BLBT,0.22042640294446308
AETS,BLBT,0.22042511487768351
SRNA,FARS,0.2202158643579219
FCSG,EAFC,0.21984062012178276
HRET,DIHO,0.2197254430990148
SRNA,AGVF,0.21857686819776467
BLBT,HTRK,0.21853623512773823
BLBT,BENI,0.21851270717454832
NPCK,MDGI,0.2181200034350462
MSDP,RCRI,0.21809305134665682
AMRP,EORC,0.2178077823910436
ITPA,FARS,0.2176566734811038
HUXZ,FWWG,0.2176443500538915
MDGI,RRES,0.21719566658736342
ELLT,CTGI,0.2171649226396266
HRET,ULXY,0.21713874068549918
FWWG,AETS,0.2169523708566158
ELLT,ALUT,0.2168185127866389
ELLT,HTRK,0.21677077671580916
HUXZ,NWIG,0.21671372882376258
SRNA,AMRP,0.2166988456711067
HETT,MSDP,0.21651272228669508
OTCS,HTRK,0.21628764270344203
SPLZ,ITPA,0.2161684554840839
AMRP,DUCT,0.21571085987225547
MSDP,AETS,0.21571041025117443
ELLT,DUCT,0.2156247347745163
NPCK,MSDP,0.21553007901813223
AMRP,SRTX,0.2150526604623107
AGVF,ALUT,0.21498354185923335
AMRP,NPCK,0.21496648583846675
IHOZ,FWWG,0.21486371521825845
SPLZ,IHOZ,0.21484618202235678
HTRK,EAFC,0.21466835856272368
HRET,NGTE,0.21463621546146422
LSST,NGTE,0.21415983955803247
AGVF,RCRI,0.2132068964483811
ELLT,CCNS,0.21301484483677224
ANSO,NGTE,0.21244418761853487
LSST,GARI,0.21216823104255858
CCNS,FCSG,0.21215476777848732
AMRP,HTRK,0.2121343641218384
SMAH,GARI,0.21205341983764042
ELLT,AETS,0.21172747726541538
RTTH,ACIX,0.2116183468285548
AENO,ELLT,0.21158332682996323
SMAH,RRES,0.21149717907809837
DIHO,AGVF,0.2110587373840367
NPCK,NGTE,0.21077550155651442
AMRP,GARI,0.21066230285126297
ALUT,HTRK,0.21065501316448357
MSDP,EORC,0.21064014956636248
RRES,FCSG,0.21044214784109688
HETT,HUXZ,0.21029028660012167
SPLZ,HRND,0.21018089412401583
HETT,DUCT,0.21002566673126533
ANSO,SRTX,0.20987358869429362
AMRP,BLBT,0.20980124064037342
ACIX,HTRK,0.2096451583089013
NPCK,FWWG,0.2092358634393297
FWWG,HRND,0.20918900385264286
AGVF,EELT,0.20914892081876252
SRNA,NWIG,0.2086780940189079
ACAC,ULXY,0.20865027126707814
HETT,SMAH,0.20855560318677405
NWIG,MTNS,0.2084805721313956
MTNS,EAFC,0.20806114025448771
AGVF,MHRM,0.2080554752049289
SMAH,ITPA,0.20788690322005443
RRES,ITPA,0.20781864361159677
LSST,DIHO,0.20781836802592388
MDGI,EAFC,0.20780891210989444
AENO,MDGI,0.20775765382566896
AMRP,ITPA,0.2076740559736493
OTCS,CUBO,0.2076376112883172
HUXZ,EAFC,0.20746490527919975
EORC,ANSO,0.2071802033632519
ACAC,EAFC,0.20701589823661268
HUXZ,NPCK,0.20701335875356608
FARS,MHRM,0.20631175183352507
CUBO,BLBT,0.20574528735090064
ACAC,ITPA,0.20559244427422851
MTNS,FWWG,0.20554885440044343
SPLZ,RRES,0.2054344342688074
ANSO,DIHO,0.20542073335294375
DUCT,SPLZ,0.205311662815636
LSST,AMRP,0.20521589476313176
NGTE,EAFC,0.20516012067882441
DIHO,MTNS,0.2045736095625557
HETT,DIHO,0.20427548219392558
MSDP,CCNS,0.20414616330155877
CUBO,EAFC,0.20402643114597369
AENO,ITPA,0.20390087788581412
MSDP,ACAC,0.20379882648232608
AGVF,BENI,0.20354718407714836
ALUT,CCNS,0.20329019776292231
MDGI,ILVX,0.20318063843758782
SRTX,EAFC,0.20304743456419055
LSST,OTCS,0.20301251385055222
HETT,FWWG,0.20280209807097424
BLBT,NGTE,0.20270985088660937
MMBT,CTGI,0.20255971260080124
HETT,HRET,0.20244314702544186
GARI,NGTE,0.20243906487716243
SRNA,CCNS,0.20236653801473528
ILVX,FARS,0.20235208403697932
MDGI,AGVF,0.2023194599088602
IHOZ,HRND,0.20186469124290754
SMAH,MSDP,0.20144029795909701
SPLZ,RCRI,0.2013260468416281
OTCS,NPCK,0.20104831396353823
HETT,ANSO,0.2009016954326793
RCRI,HRND,0.20071652079890778
DIHO,ALUT,0.2006870118286476
ELLT,RCRI,0.20067718898816078
AGVF,MTNS,0.20037853891668575
GARI,NAYO,0.20011191608865456
MSDP,FCSG,0.19999632031364156
MMBT,BLBT,0.19964441741899858
SRTX,GARI,0.19958060112099968
HUXZ,CTGI,0.19948051191445568
GARI,EELT,0.1993961842719499
NPCK,HRET,0.1993749251945774
ELLT,RRES,0.19903840753820454
EELT,BENI,0.19897132250499214
OTCS,HETT,0.1989601855517035
SMAH,ACIX,0.19888306628993913
DUCT,AGVF,0.19876322089449397
SMAH,DIHO,0.1987450361677078
HUXZ,MSDP,0.19865909059178344
AGVF,ITPA,0.19861862265631125
DIHO,FARS,0.19855236626367878
RTTH,MMBT,0.19852845852457782
SRTX,FWWG,0.19850587180783563
MSDP,FARS,0.1983602506598142
HUXZ,ULXY,0.1980573613754086
SMAH,MDGI,0.19795149853173713
HRET,SRTX,0.197891571294261
OTCS,IHOZ,0.19776719538256118
SMAH,SPLZ,0.19768662942261148
NWIG,EAFC,0.1974329024258277
MDGI,NAYO,0.19739697632300096
NPCK,ULXY,0.1972393202880926
FWWG,ULXY,0.19719659270399098
FCSG,FARS,0.19718340822943933
ELLT,CUBO,0.19693042915376416
AGVF,GARI,0.19687146385928297
ANSO,BLBT,0.1967793486920261
EORC,EAFC,0.19629089383648216
BENI,EAFC,0.19607771241729835
SMAH,ANSO,0.1955987273192315
HRET,FWWG,0.19548850726286654
AMRP,SMAH,0.19537969589491272
SPLZ,MTNS,0.1952081044670615
CUBO,GARI,0.194376145596758
DUCT,CCNS,0.19387402460736913
RRES,FWWG,0.1937671716682729
FARS,EAFC,0.19367557490720602
AETS,BENI,0.19361421248475727
MSDP,NGTE,0.1929639673848717
HETT,ACIX,0.19274061857757593
HUXZ,NGTE,0.1926957837413212
HRND,BLBT,0.1925973122101154
CTGI,ITPA,0.1925055762385052
CUBO,ITPA,0.192437522989044
AETS,FARS,0.19231780372883112
DIHO,ULXY,0.19227648194484362
IHOZ,MHRM,0.19221891116740752
GARI,CCNS,0.1921388854321302
SRNA,EAFC,0.19204332168328003
ULXY,ITPA,0.19198264999887815
ITPA,NGTE,0.19192869835967072
DUCT,DIHO,0.19189484928472939
IHOZ,EAFC,0.19185939867476082
IHOZ,BLBT,0.19185675223019052
ACIX,IHOZ,0.19114798898534538
BENI,ITPA,0.19109365349055044
ELLT,BENI,0.19075133022915952
HRND,ILVX,0.19074196994259537
AENO,ACIX,0.19070654407253593
AENO,AETS,0.1905711404556683
HUXZ,ANSO,0.18984653363411003
CUBO,AETS,0.189844788907295
MSDP,DIHO,0.1897151714647215
ELLT,MHRM,0.18955968364080145
FWWG,FCSG,0.18937322009488014
HRET,BLBT,0.18913117164863044
HUXZ,EORC,0.18871926045263893
LSST,ANSO,0.18818014228497976
DIHO,NGTE,0.1880422979576383
ACAC,NGTE,0.1876328683329857
NPCK,ACIX,0.18746820524956967
ACIX,NAYO,0.18707212742207954
RTTH,SPLZ,0.18688639270019308
AMRP,OTCS,0.18667169076955253
SPLZ,HTRK,0.18664344344109748
AENO,EAFC,0.18659760501296435
MDGI,EELT,0.18637685903818502
AMRP,AETS,0.18587368374634883
RCRI,EAFC,0.18584740798862892
HETT,MDGI,0.18579983954625112
DIHO,EELT,0.18575065960132459
BENI,MHRM,0.18565770977670915
DUCT,FCSG,0.1855153784367482
EORC,GARI,0.18547008077749075
SRNA,SPLZ,0.18546608352760424
AETS,FCSG,0.18544717211713466
ACAC,MHRM,0.1850699930829011
SMAH,FCSG,0.18487490820603084
ANSO,MHRM,0.18477388086401458
MTNS,FCSG,0.1847615819587176
EORC,SPLZ,0.18460535908888348
MSDP,ANSO,0.1845263719330816
LSST,FWWG,0.18448017126120128
CUBO,CTGI,0.18406594313696006
LSST,HRET,0.1839493860719734
LSST,ULXY,0.18369358296777202
ANSO,ALUT,0.18368315574484903
SMAH,EORC,0.1836576410970913
DUCT,RCRI,0.18362613735182234
MDGI,SRTX,0.1835309518928683
EORC,ACIX,0.18352274549534228
NWIG,BLBT,0.1834462965016884
SRNA,ELLT,0.1833973916126693
LSST,ITPA,0.18338752233802294
MDGI,FCSG,0.1827874488612609
BENI,FCSG,0.18267578850389468
CTGI,BLBT,0.18255054442063995
HUXZ,FCSG,0.18236459376313358
AETS,NGTE,0.18201743283369268
AMRP,FCSG,0.18140788049134401
MDGI,NGTE,0.18131260383233008
OTCS,NGTE,0.18104953502327248
EORC,NWIG,0.1810167077917651
AGVF,HTRK,0.18076326466025056
ALUT,FWWG,0.1805702818141272
ELLT,DIHO,0.18049801346320218
AGVF,FCSG,0.1804283436052815
EORC,FWWG,0.18035992154093924
RCRI,MHRM,0.18027994772297076
RTTH,FCSG,0.17988406965197687
AMRP,ACIX,0.1797470781765644
RRES,ACIX,0.1794145490950553
MDGI,FWWG,0.17934543217029086
CTGI,NGTE,0.17921277916447914
AETS,ILVX,0.17917648776948028
HRND,FCSG,0.1791084123695912
LSST,MHRM,0.1789746521363853
HETT,BLBT,0.17890350112795528
DIHO,FCSG,0.17876525171603444
AENO,FCSG,0.17851523375499825
MDGI,MHRM,0.1780827338285694
AGVF,AETS,0.17796673711625766
CTGI,GARI,0.17788583253427187
RRES,NGTE,0.17766389688224807
OTCS,SRTX,0.17735605244829064
NAYO,FWWG,0.17710830318967744
NWIG,AGVF,0.17710472858698606
RTTH,EAFC,0.17706993301216772
SPLZ,NWIG,0.1770601287712153
DIHO,HTRK,0.17702544821281296
IHOZ,AETS,0.17655785409762606
RTTH,BLBT,0.17615461418784883
ACIX,MTNS,0.17583227434234458
HETT,AGVF,0.1751422851092336
SRNA,RCRI,0.17509953362154174
HRND,ITPA,0.17458102839704975
ELLT,MTNS,0.17448453415593196
CCNS,FWWG,0.17443081484483838
ELLT,OTCS,0.17434299990068688
MDGI,RCRI,0.17407683517366387
DIHO,SRTX,0.1740271911132262
SPLZ,ACAC,0.17382819864506835
CUBO,FARS,0.17342973684865706
IHOZ,FCSG,0.17341560639639392
LSST,RCRI,0.17316797922426286
ELLT,SPLZ,0.17306996020743612
SPLZ,SRTX,0.17301736760579506
RCRI,ILVX,0.17289189843465202
CUBO,NAYO,0.17282623174758532
RCRI,IHOZ,0.1726840932772918
AMRP,AGVF,0.17255183062919643
ELLT,NAYO,0.1721167151516675
SPLZ,EELT,0.17199096467830158
SRTX,ACIX,0.17191157754779504
CTGI,ULXY,0.1715874438861479
AGVF,NGTE,0.17150427224481632
ANSO,NWIG,0.1712033646552732
NAYO,NGTE,0.17119282301663274
OTCS,EORC,0.17086652146085177
ELLT,EORC,0.17071775136068792
HETT,CTGI,0.17047554118026997
CCNS,EELT,0.17027932607854337
DIHO,AETS,0.1700972771083162
SRTX,AETS,0.16988408774274624
ELLT,SRTX,0.16976512004828662
HUXZ,SPLZ,0.16964229855912377
ACAC,FARS,0.1695963183533443
ELLT,NGTE,0.16942067492957827
RCRI,CCNS,0.16939685251405437
OTCS,HUXZ,0.16931769723392406
ANSO,ITPA,0.1690529589410793
RCRI,FCSG,0.1690474719047763
SMAH,NWIG,0.16888258359138805
LSST,BLBT,0.16852797050817347
ACAC,FCSG,0.1684815366435843
MDGI,IHOZ,0.1683038287261098
SMAH,HRET,0.16829956518994665
RCRI,HTRK,0.1682974218241671
OTCS,GARI,0.16816067635538415
NPCK,ITPA,0.16792492460877945
NWIG,ITPA,0.16752557836027837
HUXZ,RCRI,0.16717765431655252
HUXZ,ACIX,0.16712521301693178
MSDP,CTGI,0.16700740978900672
DUCT,ALUT,0.16695508615220422
HETT,NWIG,0.1668818900477159
ELLT,FARS,0.16679433000547747
ACIX,EELT,0.16674475658005863
MDGI,MTNS,0.16663785432535735
NWIG,ULXY,0.16663586589324916
ELLT,HETT,0.1665960942569329
HUXZ,MDGI,0.16656799178857307
AMRP,DIHO,0.1664321514135809
ALUT,FCSG,0.1657868473967707
CUBO,SPLZ,0.1656693090359607
ACIX,CCNS,0.16551249361745063
CUBO,RRES,0.1654736649830935
AETS,HTRK,0.16543827490932206
NAYO,AETS,0.16534796222252032
CCNS,NAYO,0.16502494886493316
CCNS,HTRK,0.1649739159650687
LSST,MSDP,0.16493738323339724
CUBO,MHRM,0.16487139286178287
ELLT,HRND,0.16443747118547214
RCRI,ACIX,0.16441238220897983
NPCK,AETS,0.16425600536356783
HETT,RCRI,0.16420444007375684
SRNA,AETS,0.16407526476971773
HTRK,MHRM,0.16384275677109505
CCNS,ILVX,0.1635975678241975
EELT,HTRK,0.16348746754792076
AMRP,NWIG,0.16336308414596487
ELLT,MDGI,0.16314307471826256
HETT,NAYO,0.1629852161267709
HUXZ,MHRM,0.1628378410906766
AMRP,HETT,0.16266269376022924
MSDP,NAYO,0.16260148584869172
CUBO,EELT,0.1625468004685525
ELLT,IHOZ,0.16231948064896534
MTNS,AETS,0.1622667724470538
MSDP,AGVF,0.16223551225402388
ELLT,NWIG,0.16177454340143546
SMAH,MHRM,0.16168763595470453
CCNS,BLBT,0.1615393324110829
ALUT,IHOZ,0.16149090456091578
CCNS,MHRM,0.1611230848461996
NGTE,FARS,0.1608712077904361
CCNS,BENI,0.16084574925056502
NPCK,ANSO,0.1608388130894343
CUBO,FCSG,0.16083072373856125
MDGI,AETS,0.16072466277388578
ANSO,GARI,0.16057574881732847
AENO,DIHO,0.16032889716035037
MTNS,FARS,0.16023823737101198
HRET,CCNS,0.15996585146142542
AGVF,CTGI,0.15914961448065426
HUXZ,MMBT,0.15910717683562317
DUCT,NAYO,0.1589348557621031
ACAC,FWWG,0.15885997637034943
ELLT,HUXZ,0.15885271219210645
DIHO,IHOZ,0.15880783739567578
DUCT,FARS,0.15842584606856333
RCRI,MTNS,0.15828043013174228
AMRP,CTGI,0.15815452600418545
EELT,ITPA,0.15798507137462106
NAYO,BLBT,0.1579135532357295
OTCS,CTGI,0.15786615883931804
HRET,GARI,0.15762127925724265
HRET,NWIG,0.15755742341035128
IHOZ,ITPA,0.157339234075257
NAYO,MHRM,0.15717173884147176
HUXZ,FARS,0.15717146711449495
AMRP,MDGI,0.1571394063979612
HRET,AGVF,0.15700893740206875
RTTH,MDGI,0.15689416566847236
RTTH,GARI,0.15636327111984152
MSDP,MDGI,0.15623308108859207
HETT,CCNS,0.1562091010385515
EORC,AGVF,0.15612075342214218
OTCS,HRET,0.15575857967558077
SMAH,EAFC,0.15570076053637033
HETT,SPLZ,0.15557896758702777
EELT,ILVX,0.15532896292651746
HUXZ,AGVF,0.1551628993441853
HETT,ITPA,0.15503377604982319
HETT,FARS,0.15480547981912693
AMRP,SPLZ,0.1546718160822645
SRTX,RCRI,0.15432829330893652
HUXZ,DIHO,0.15419943329620317
ALUT,ACAC,0.1541167122288047
CTGI,SRTX,0.1539601415923117
LSST,ELLT,0.1529646513245382
SPLZ,MMBT,0.15294497658786652
CTGI,AETS,0.15269582463395584
MDGI,ACAC,0.15266682792477798
MSDP,EELT,0.1524842610697879
AMRP,FWWG,0.15240206369051856
ANSO,EAFC,0.1523896261710406
ALUT,RCRI,0.15183294452541055
FWWG,HTRK,0.15177762868056394
LSST,NWIG,0.15146987640699974
BENI,FARS,0.15128075518685621
ULXY,EAFC,0.15121722357931802
ALUT,AETS,0.15075826365883901
HRET,HTRK,0.15010120360893128
OTCS,SMAH,0.15006536890889557
NPCK,BLBT,0.1499571122439207
EELT,HRND,0.1499386359528948
EELT,NGTE,0.14990737684359814
EORC,MHRM,0.14953366173221305
HUXZ,ALUT,0.1495318534302025
ANSO,FCSG,0.14920202207970565
RCRI,BENI,0.14907958232240157
CCNS,FARS,0.14905272641247924
ACAC,AETS,0.14903147485958035
NAYO,ITPA,0.14900364671995509
HETT,RRES,0.1490013698599642
ELLT,EELT,0.1484334730297871
EORC,ULXY,0.1483604447251898
SRNA,MHRM,0.14829341961731546
LSST,ACIX,0.14823297411741038
HETT,ULXY,0.14762174047517296
AGVF,CCNS,0.14760515971877508
SPLZ,NGTE,0.14753860748672348
MSDP,ULXY,0.14753072375173512
ACIX,BENI,0.14739685292377566
ACAC,CCNS,0.1472313986875288
RRES,HRND,0.1470731090758564
HRND,AETS,0.14679213112631873
CUBO,MDGI,0.14667483310163762
MSDP,HRET,0.14639362211787132
CTGI,BENI,0.1463625964529471
AGVF,RRES,0.14611592094398013
AGVF,ACAC,0.145992829779813
MSDP,IHOZ,0.14593303896607818
RCRI,ITPA,0.14587264641558584
IHOZ,FARS,0.14580386529178163
RRES,MTNS,0.14568820017084597
HRET,ANSO,0.145533867697289
SPLZ,ULXY,0.14552545027330302
HUXZ,EELT,0.14526098768896722
EORC,AETS,0.1451442851627261
HUXZ,CCNS,0.145034394986117
EELT,MHRM,0.14502353554890945
EORC,RCRI,0.14462739970945002
HRET,ACIX,0.14448980197480127
RRES,EAFC,0.1440923089014716
MSDP,NWIG,0.14409081631321607
NPCK,RTTH,0.14395429776022614
AENO,MHRM,0.1439470336518021
RRES,BENI,0.1435164232576342
NAYO,HRND,0.14285751143244854
SRNA,MDGI,0.14268764292706237
NPCK,DIHO,0.14268101206312428
RCRI,NGTE,0.1426555556130096
HRET,RCRI,0.14263112678382883
MMBT,MDGI,0.14253448908173663
CCNS,IHOZ,0.14248413026959064
LSST,EAFC,0.14204951553931816
MTNS,BLBT,0.14202153304859902
AENO,FARS,0.14197894766372168
CUBO,ACIX,0.14179164199728223
AMRP,HRND,0.1415638249248944
MDGI,CTGI,0.1413015321720435
CCNS,ITPA,0.14124187155204387
HETT,MMBT,0.14121855658777815
ANSO,RCRI,0.1411990940822911
RRES,MHRM,0.14102567026603186
SRTX,CCNS,0.1409622854298405
AMRP,RTTH,0.14078034061970407
CTGI,ILVX,0.14055322913337984
RTTH,ITPA,0.1405459528378713
LSST,HRND,0.1405002998286357
DIHO,RRES,0.13985347704552384
ACIX,ULXY,0.13946798262385968
CCNS,AETS,0.13942173162226737
ANSO,AGVF,0.13938315390205186
DUCT,CTGI,0.13936990726047024
CTGI,HTRK,0.13929580461222316
RRES,SRTX,0.1391371547737971
HETT,FCSG,0.13888966858055812
CTGI,MTNS,0.13861408151833232
MMBT,MHRM,0.13858995041617414
EORC,BLBT,0.13846139998524665
EELT,EAFC,0.1383632201784622
AENO,RCRI,0.13791692798765418
AENO,CCNS,0.13760339764274435
OTCS,NWIG,0.1368347603875636
SRNA,FCSG,0.1368270530556682
LSST,AGVF,0.13681488931525487
NWIG,ACIX,0.1367052721154986
AENO,MSDP,0.13648398563949446
HRET,ACAC,0.13631356207140002
RTTH,FWWG,0.1356786381955543
LSST,FCSG,0.13542376386616167
RRES,ILVX,0.1351296620893745
NPCK,FARS,0.1350918033812928
OTCS,ULXY,0.1349262957828351
ANSO,RRES,0.13490602761519915
AENO,SPLZ,0.13488717037207584
DIHO,ACAC,0.13485274773745043
HRET,EAFC,0.13484542770678015
EORC,ITPA,0.1346158566392549
HTRK,FARS,0.1340979619280512
SRNA,RRES,0.13401378129236238
AENO,RRES,0.1340121523941284
MSDP,MMBT,0.13379170399769238
ELLT,SMAH,0.13377357411209978
SRNA,CTGI,0.13375795147470781
SPLZ,CCNS,0.1331802616256508
MMBT,FWWG,0.13312343410033928
MDGI,ALUT,0.1326011796852658
MTNS,MHRM,0.13172633337049774
OTCS,MSDP,0.1313182798342654
SRNA,EELT,0.13130597208445602
RCRI,FARS,0.13118073573298672
LSST,SPLZ,0.1304225309848241
EORC,FCSG,0.13035370717889494
SRNA,NAYO,0.13034144446901832
HETT,AETS,0.13032937837268882
SMAH,RCRI,0.13022477744372127
SRTX,FARS,0.13020033214040963
ANSO,FWWG,0.13010802549956682
LSST,MDGI,0.1300035495662734
MMBT,ILVX,0.12999145276451463
OTCS,AGVF,0.12966141021818434
OTCS,ACAC,0.12964361754438775
MSDP,HRND,0.12958740331582858
NPCK,SPLZ,0.12955907521882312
NGTE,FCSG,0.12951560513304064
HETT,EELT,0.12920269310505728
ANSO,AETS,0.1291449146269108
AENO,OTCS,0.12897337974221137
AENO,MMBT,0.12893526924468943
DIHO,MDGI,0.12874387889507097
MMBT,ACIX,0.12844255346429237
AMRP,HRET,0.12844076261883305
EORC,CTGI,0.12844039416570752
NWIG,MHRM,0.1284356955444477
RRES,ACAC,0.12815604070992875
NAYO,ILVX,0.12795132682142876
HETT,ALUT,0.12755425033008064
OTCS,ALUT,0.12741178136520037
LSST,AETS,0.12733028181148068
LSST,RTTH,0.12729804487404037
EELT,FCSG,0.127154411694441
SMAH,CCNS,0.12690850733769193
EORC,NAYO,0.12666279256976462
CCNS,EAFC,0.12617548896001637
SMAH,AGVF,0.12612590759583883
RTTH,MHRM,0.12584036699053408
CUBO,CCNS,0.12561105105514186
GARI,ULXY,0.1255326899859016
OTCS,CCNS,0.1254291752436299
NWIG,GARI,0.12513550245280672
HRET,ITPA,0.12485191308042752
EORC,MDGI,0.12480055336469255
SRTX,EELT,0.12466499207644648
DUCT,RRES,0.12461336016013287
NPCK,FCSG,0.12435818083250609
MDGI,BENI,0.12409183057100749
AENO,CTGI,0.12378345211593335
LSST,FARS,0.12329546629057149
EELT,FARS,0.12326083336916331
HETT,EAFC,0.12318074620134428
AMRP,ULXY,0.1228833689487314
ELLT,NPCK,0.12280588176266836
SRTX,NAYO,0.12261304979212505
MMBT,ITPA,0.12258413642249169
OTCS,ITPA,0.12211659333946405
CTGI,ACAC,0.12209192334532686
DIHO,MHRM,0.1220358570106868
EORC,DIHO,0.12203233109324543
SRTX,ITPA,0.12198075777389039
ILVX,FCSG,0.12173626831188879
NWIG,ALUT,0.12167042491670634
ULXY,BLBT,0.12165271440957152
MDGI,FARS,0.1216082560409065
NPCK,ALUT,0.12101985719282073
OTCS,ANSO,0.12092788881801544
EORC,EELT,0.12090984764250853
ALUT,HRND,0.12079664390359098
AMRP,ALUT,0.1202960072555309
RTTH,HRND,0.12024081159076029
DUCT,MMBT,0.11999652497346555
HRET,AETS,0.11959075615831127
SMAH,FARS,0.11945880351423685
RRES,FARS,0.11939113714614667
SMAH,ALUT,0.1192234244286048
HETT,HRND,0.11893696469425738
SPLZ,CTGI,0.1189207598677431
RTTH,ILVX,0.1186334747071055
HUXZ,RRES,0.11839165665536333
SMAH,AETS,0.11835568659642218
AMRP,RCRI,0.11835129492915866
NWIG,RRES,0.11804259815400996
RTTH,AGVF,0.11775373744647309
NPCK,RCRI,0.11773536852132686
RTTH,BENI,0.11763964969353717
HRET,MMBT,0.1175179114741191
AENO,RTTH,0.11703128077004993
RRES,AETS,0.11663861310446437
ANSO,ACIX,0.11596981501068926
AGVF,FARS,0.11596323351530899
HRND,FARS,0.11590159541963249
RTTH,NWIG,0.11589067879739208
ACAC,RCRI,0.11578135235161538
CCNS,NGTE,0.11575198435550055
EORC,HRET,0.11561550723797492
EELT,AETS,0.11537808041725624
HRET,FCSG,0.11477296940609512
DUCT,MDGI,0.11405125682108504
DIHO,RTTH,0.11396325869268947
AENO,ALUT,0.1131569959191078
HTRK,FCSG,0.11278457767515956
NWIG,MDGI,0.11265093897906509
ALUT,FARS,0.1121713561273888
CUBO,RTTH,0.11216674329054052
EORC,FARS,0.11202948620763133
LSST,CTGI,0.11185860086791873
NAYO,FCSG,0.11172634521984959
DUCT,EELT,0.11137716452227259
OTCS,MHRM,0.11105476238338514
ALUT,MTNS,0.11103363234588921
NWIG,FARS,0.11094267063344646
CTGI,FWWG,0.11082005789192073
OTCS,SPLZ,0.11079212266652634
NWIG,AETS,0.11071658954383554
HRET,FARS,0.11053911262524395
DIHO,CTGI,0.11036665040343235
SMAH,NAYO,0.11025654521629005
SRNA,HRND,0.1100922793638419
ANSO,FARS,0.10956506763684475
RRES,HTRK,0.10945061663143552
HRET,RRES,0.10928485885605452
RRES,CCNS,0.10886161376373563
HRET,MDGI,0.10885240025641679
RRES,ULXY,0.10862648220432546
SRTX,HRND,0.10861398802596788
AMRP,MSDP,0.1085116171535982
EORC,CCNS,0.10844328389216713
SMAH,MMBT,0.10817330512012337
OTCS,BLBT,0.10809440925307642
AGVF,NAYO,0.10789432835906487
ELLT,ANSO,0.10782372017643632
ANSO,MDGI,0.10775546836940511
DIHO,NAYO,0.1076982909133451
CCNS,MTNS,0.10733966742774644
NWIG,FCSG,0.10702529553077057
MMBT,SRTX,0.10691926670970271
HRND,NGTE,0.10681880260664027
RTTH,ALUT,0.10657969655426916
LSST,RRES,0.10653539795873658
MSDP,SRTX,0.10647572546860126
EORC,HRND,0.10640611041721092
RTTH,SRTX,0.1062869310991704
AENO,HRND,0.10546908529435599
ALUT,NGTE,0.10544839439526772
RCRI,ULXY,0.1054142320933235
ELLT,RTTH,0.1051433159287986
MMBT,AETS,0.10497578957833807
CUBO,MMBT,0.10405877779835163
NPCK,CTGI,0.10376731158907468
RTTH,HTRK,0.10243807640836204
HRND,BENI,0.10236318400274368
MMBT,AGVF,0.10189609290261255
HETT,RTTH,0.1016650344706376
NPCK,EELT,0.10158811267504325
MMBT,ACAC,0.10141109959224355
LSST,MMBT,0.1012967649871435
EELT,ULXY,0.10110304256319017
AETS,ULXY,0.10108879934695263
CTGI,FARS,0.10106842921388076
HRND,HTRK,0.1007808243172092
RTTH,ACAC,0.10056370756105724
SMAH,CTGI,0.10037573432055626
DIHO,NWIG,0.1002749938196347
OTCS,DIHO,0.10021936489271903
CUBO,RCRI,0.1001342364557142
AMRP,CCNS,0.09995766668817113
SRNA,RTTH,0.09995607032704762
CTGI,ACIX,0.09982247938305622
EORC,ALUT,0.0993351416261719
ALUT,SRTX,0.09902302138949763
CTGI,FCSG,0.09900938855988423
DIHO,MMBT,0.09852777815156877
NPCK,MHRM,0.09850426463041356
ALUT,EELT,0.09725490396752537
AGVF,ULXY,0.0970533151526647
ANSO,CCNS,0.09697590496582773
SRNA,ALUT,0.0969554843482709
RCRI,AETS,0.09694156833212197
NWIG,CCNS,0.09665396464759443
HETT,MHRM,0.09663655388860637
MMBT,IHOZ,0.096345379296813
NGTE,MHRM,0.09597610139691833
HUXZ,AETS,0.09569238192555637
SRTX,MHRM,0.09555922149349393
DIHO,CCNS,0.09458420516334103
CTGI,EAFC,0.09453756208365201
LSST,CCNS,0.09437332937219794
NWIG,NAYO,0.09279379507230368
NPCK,RRES,0.09270457878018454
RTTH,AETS,0.09237950545499325
ALUT,ULXY,0.09209645520580509
MDGI,ULXY,0.09208406226729865
RTTH,NGTE,0.09188119707696789
SPLZ,NAYO,0.09181397125925637
EORC,RTTH,0.09165025573637998
AMRP,NAYO,0.09148598835366112
OTCS,AETS,0.09111047531401065
NWIG,RCRI,0.09058999268973461
NAYO,BENI,0.09027654890381674
CTGI,IHOZ,0.0898373803884424
ULXY,FCSG,0.08915457038859273
ELLT,MMBT,0.08904924747989344
ACAC,NAYO,0.0886663656807751
HUXZ,RTTH,0.08845073231152943
SMAH,EELT,0.08821965335709821
IHOZ,EELT,0.0880559024684146
MTNS,NAYO,0.08779823847839847
MDGI,CCNS,0.08750407816358004
OTCS,FWWG,0.0865159806644007
OTCS,MDGI,0.08647873352660952
MMBT,NGTE,0.08639925670991871
NWIG,CTGI,0.08621760190325581
RTTH,CCNS,0.08620388679755589
AMRP,RRES,0.08594077945189042
OTCS,ACIX,0.08543691810429506
HUXZ,HRND,0.08529176738369301
NAYO,EAFC,0.0841527550987634
NAYO,FARS,0.08413271699813395
AMRP,MHRM,0.0840396160038105
MMBT,GARI,0.08373864244753984
OTCS,RRES,0.08321673590142678
IHOZ,NAYO,0.08301426902364424
ULXY,FARS,0.08287489026056392
RRES,IHOZ,0.08260665850181287
DUCT,RTTH,0.08217133748282647
AMRP,FARS,0.08135359147421371
CTGI,HRND,0.08081309531524859
HRET,HRND,0.08029051452930988
OTCS,FCSG,0.08014473015607361
ACAC,EELT,0.07965122552820533
HUXZ,NAYO,0.07907167726390742
MMBT,HTRK,0.07895480896122885
DUCT,HRND,0.07892555886144749
RTTH,FARS,0.07884840543369082
OTCS,EELT,0.07846403160275232
ELLT,HRET,0.07824169478570646
OTCS,NAYO,0.0779366368176877
ANSO,EELT,0.07750734601000576
ANSO,NAYO,0.07724476042469018
NPCK,NAYO,0.07673181352673032
ANSO,CTGI,0.0763096593112008
LSST,EELT,0.07623196971585015
NPCK,CCNS,0.07580559704643512
ANSO,HRND,0.07576211720150255
NWIG,EELT,0.07482224875411829
CTGI,MHRM,0.07473430714641005
CUBO,HRND,0.07342571828509478
HRET,NAYO,0.07321716089338488
ALUT,BENI,0.07260448100916932
ULXY,MHRM,0.07240953935761785
OTCS,EAFC,0.07230235270509028
HRET,MHRM,0.0720017484474765
SMAH,RTTH,0.07173879803907464
MMBT,ULXY,0.07148675054477774
SRNA,MMBT,0.07145747531367937
MMBT,FCSG,0.07075694444003562
ACAC,HRND,0.07039541755829073
OTCS,RCRI,0.07012073935251234
AENO,NAYO,0.07011613580217697
NPCK,HRND,0.06988617920806174
HRET,EELT,0.0697908459588469
CTGI,CCNS,0.06909604012915459
AENO,EELT,0.06869942359549441
MTNS,EELT,0.06756677172729404
MTNS,HRND,0.06678087171129907
LSST,NAYO,0.06621096966878229
ALUT,NAYO,0.06569317168543486
MMBT,CCNS,0.06511741878604023
SMAH,HRND,0.06483441400950626
AMRP,EELT,0.06283031706834678
NWIG,MMBT,0.06129074394399328
RTTH,MTNS,0.06066242822623562
EORC,RRES,0.06014972213488424
HRET,CTGI,0.05996557177615407
ANSO,RTTH,0.05961573253243659
HRET,SPLZ,0.059570102233764716
MMBT,HRND,0.05949003928126604
ELLT,ULXY,0.05879295639277538
RTTH,ULXY,0.05809656760634903
NAYO,HTRK,0.05693531186105434
EORC,MMBT,0.056710368742858994
ANSO,MMBT,0.056651715180028206
MMBT,EAFC,0.05624361471515452
HRET,ALUT,0.05343183000078595
NPCK,MMBT,0.051877536634445165
LSST,ALUT,0.05148043459520435
CUBO,ALUT,0.05095333945901289
OTCS,HRND,0.04808972267315666
CCNS,ULXY,0.04682392400475175
MMBT,FARS,0.04545957243001404
HRET,RTTH,0.03983588023576264
CCNS,HRND,0.039402435617951745
RTTH,IHOZ,0.037483955721250274
NAYO,ULXY,0.03723380635774602
MMBT,BENI,0.03620306684730405
HRND,ULXY,0.034784303443706394
RRES,ALUT,0.031879824837055676
NWIG,HRND,0.029657607708025963
CTGI,ALUT,0.02373494506665779
AMRP,MMBT,0.021828189699809583
MMBT,MTNS,0.021232097776095832
OTCS,MMBT,0.016530617068367195
MMBT,ALUT,0.013207863248179281
OTCS,FARS,0.007027549187667383
OTCS,RTTH,-0.0008001387242657468
ALGO,ALGO,
AENO,ALGO,
AENO,AENO,
LSST,ALGO,
LSST,AENO,
LSST,LSST,
SRNA,ALGO,
SRNA,AENO,
SRNA,LSST,
SRNA,SRNA,
ELLT,ALGO,
ELLT,AENO,
ELLT,LSST,
ELLT,SRNA,
ELLT,ELLT,
AMRP,ALGO,
AMRP,AENO,
AMRP,LSST,
AMRP,SRNA,
AMRP,ELLT,
AMRP,AMRP,
OTCS,ALGO,
OTCS,AENO,
OTCS,LSST,
OTCS,SRNA,
OTCS,ELLT,
OTCS,AMRP,
OTCS,OTCS,
HETT,ALGO,
HETT,AENO,
HETT,LSST,
HETT,SRNA,
HETT,ELLT,
HETT,AMRP,
HETT,OTCS,
HETT,HETT,
HUXZ,ALGO,
HUXZ,AENO,
HUXZ,LSST,
HUXZ,SRNA,
HUXZ,ELLT,
HUXZ,AMRP,
HUXZ,OTCS,
HUXZ,HETT,
HUXZ,HUXZ,
DUCT,ALGO,
DUCT,AENO,
DUCT,LSST,
DUCT,SRNA,
DUCT,ELLT,
DUCT,AMRP,
DUCT,OTCS,
DUCT,HETT,
DUCT,HUXZ,
DUCT,DUCT,
SMAH,ALGO,
SMAH,AENO,
SMAH,LSST,
SMAH,SRNA,
SMAH,ELLT,
SMAH,AMRP,
SMAH,OTCS,
SMAH,HETT,
SMAH,HUXZ,
SMAH,DUCT,
SMAH,SMAH,
NPCK,ALGO,
NPCK,AENO,
NPCK,LSST,
NPCK,SRNA,
NPCK,ELLT,
NPCK,AMRP,
NPCK,OTCS,
NPCK,HETT,
NPCK,HUXZ,
NPCK,DUCT,
NPCK,SMAH,
NPCK,NPCK,
MSDP,ALGO,
MSDP,AENO,
MSDP,LSST,
MSDP,SRNA,
MSDP,ELLT,
MSDP,AMRP,
MSDP,OTCS,
MSDP,HETT,
MSDP,HUXZ,
MSDP,DUCT,
MSDP,SMAH,
MSDP,NPCK,
MSDP,MSDP,
EORC,ALGO,
EORC,AENO,
EORC,LSST,
EORC,SRNA,
EORC,ELLT,
EORC,AMRP,
EORC,OTCS,
EORC,HETT,
EORC,HUXZ,
EORC,DUCT,
EORC,SMAH,
EORC,NPCK,
EORC,MSDP,
EORC,EORC,
CUBO,ALGO,
CUBO,AENO,
CUBO,LSST,
CUBO,SRNA,
CUBO,ELLT,
CUBO,AMRP,
CUBO,OTCS,
CUBO,HETT,
CUBO,HUXZ,
CUBO,DUCT,
CUBO,SMAH,
CUBO,NPCK,
CUBO,MSDP,
CUBO,EORC,
CUBO,CUBO,
HRET,ALGO,
HRET,AENO,
HRET,LSST,
HRET,SRNA,
HRET,ELLT,
HRET,AMRP,
HRET,OTCS,
HRET,HETT,
HRET,HUXZ,
HRET,DUCT,
HRET,SMAH,
HRET,NPCK,
HRET,MSDP,
HRET,EORC,
HRET,CUBO,
HRET,HRET,
ANSO,ALGO,
ANSO,AENO,
ANSO,LSST,
ANSO,SRNA,
ANSO,ELLT,
ANSO,AMRP,
ANSO,OTCS,
ANSO,HETT,
ANSO,HUXZ,
ANSO,DUCT,
ANSO,SMAH,
ANSO,NPCK,
ANSO,MSDP,
ANSO,EORC,
ANSO,CUBO,
ANSO,HRET,
ANSO,ANSO,
DIHO,ALGO,
DIHO,AENO,
DIHO,LSST,
DIHO,SRNA,
DIHO,ELLT,
DIHO,AMRP,
DIHO,OTCS,
DIHO,HETT,
DIHO,HUXZ,
DIHO,DUCT,
DIHO,SMAH,
DIHO,NPCK,
DIHO,MSDP,
DIHO,EORC,
DIHO,CUBO,
DIHO,HRET,
DIHO,ANSO,
DIHO,DIHO,
RTTH,ALGO,
RTTH,AENO,
RTTH,LSST,
RTTH,SRNA,
RTTH,ELLT,
RTTH,AMRP,
RTTH,OTCS,
RTTH,HETT,
RTTH,HUXZ,
RTTH,DUCT,
RTTH,SMAH,
RTTH,NPCK,
RTTH,MSDP,
RTTH,EORC,
RTTH,CUBO,
RTTH,HRET,
RTTH,ANSO,
RTTH,DIHO,
RTTH,RTTH,
SPLZ,ALGO,
SPLZ,AENO,
SPLZ,LSST,
SPLZ,SRNA,
SPLZ,ELLT,
SPLZ,AMRP,
SPLZ,OTCS,
SPLZ,HETT,
SPLZ,HUXZ,
SPLZ,DUCT,
SPLZ,SMAH,
SPLZ,NPCK,
SPLZ,MSDP,
SPLZ,EORC,
SPLZ,CUBO,
SPLZ,HRET,
SPLZ,ANSO,
SPLZ,DIHO,
SPLZ,RTTH,
SPLZ,SPLZ,
NWIG,ALGO,
NWIG,AENO,
NWIG,LSST,
NWIG,SRNA,
NWIG,ELLT,
NWIG,AMRP,
NWIG,OTCS,
NWIG,HETT,
NWIG,HUXZ,
NWIG,DUCT,
NWIG,SMAH,
NWIG,NPCK,
NWIG,MSDP,
NWIG,EORC,
NWIG,CUBO,
NWIG,HRET,
NWIG,ANSO,
NWIG,DIHO,
NWIG,RTTH,
NWIG,SPLZ,
NWIG,NWIG,
MMBT,ALGO,
MMBT,AENO,
MMBT,LSST,
MMBT,SRNA,
MMBT,ELLT,
MMBT,AMRP,
MMBT,OTCS,
MMBT,HETT,
MMBT,HUXZ,
MMBT,DUCT,
MMBT,SMAH,
MMBT,NPCK,
MMBT,MSDP,
MMBT,EORC,
MMBT,CUBO,
MMBT,HRET,
MMBT,ANSO,
MMBT,DIHO,
MMBT,RTTH,
MMBT,SPLZ,
MMBT,NWIG,
MMBT,MMBT,
MDGI,ALGO,
MDGI,AENO,
MDGI,LSST,
MDGI,SRNA,
MDGI,ELLT,
MDGI,AMRP,
MDGI,OTCS,
MDGI,HETT,
MDGI,HUXZ,
MDGI,DUCT,
MDGI,SMAH,
MDGI,NPCK,
MDGI,MSDP,
MDGI,EORC,
MDGI,CUBO,
MDGI,HRET,
MDGI,ANSO,
MDGI,DIHO,
MDGI,RTTH,
MDGI,SPLZ,
MDGI,NWIG,
MDGI,MMBT,
MDGI,MDGI,
AGVF,ALGO,
AGVF,AENO,
AGVF,LSST,
AGVF,SRNA,
AGVF,ELLT,
AGVF,AMRP,
AGVF,OTCS,
AGVF,HETT,
AGVF,HUXZ,
AGVF,DUCT,
AGVF,SMAH,
AGVF,NPCK,
AGVF,MSDP,
AGVF,EORC,
AGVF,CUBO,
AGVF,HRET,
AGVF,ANSO,
AGVF,DIHO,
AGVF,RTTH,
AGVF,SPLZ,
AGVF,NWIG,
AGVF,MMBT,
AGVF,MDGI,
AGVF,AGVF,
RRES,ALGO,
RRES,AENO,
RRES,LSST,
RRES,SRNA,
RRES,ELLT,
RRES,AMRP,
RRES,OTCS,
RRES,HETT,
RRES,HUXZ,
RRES,DUCT,
RRES,SMAH,
RRES,NPCK,
RRES,MSDP,
RRES,EORC,
RRES,CUBO,
RRES,HRET,
RRES,ANSO,
RRES,DIHO,
RRES,RTTH,
RRES,SPLZ,
RRES,NWIG,
RRES,MMBT,
RRES,MDGI,
RRES,AGVF,
RRES,RRES,
CTGI,ALGO,
CTGI,AENO,
CTGI,LSST,
CTGI,SRNA,
CTGI,ELLT,
CTGI,AMRP,
CTGI,OTCS,
CTGI,HETT,
CTGI,HUXZ,
CTGI,DUCT,
CTGI,SMAH,
CTGI,NPCK,
CTGI,MSDP,
CTGI,EORC,
CTGI,CUBO,
CTGI,HRET,
CTGI,ANSO,
CTGI,DIHO,
CTGI,RTTH,
CTGI,SPLZ,
CTGI,NWIG,
CTGI,MMBT,
CTGI,MDGI,
CTGI,AGVF,
CTGI,RRES,
CTGI,CTGI,
ALUT,ALGO,
ALUT,AENO,
ALUT,LSST,
ALUT,SRNA,
ALUT,ELLT,
ALUT,AMRP,
ALUT,OTCS,
ALUT,HETT,
ALUT,HUXZ,
ALUT,DUCT,
ALUT,SMAH,
ALUT,NPCK,
ALUT,MSDP,
ALUT,EORC,
ALUT,CUBO,
ALUT,HRET,
ALUT,ANSO,
ALUT,DIHO,
ALUT,RTTH,
ALUT,SPLZ,
ALUT,NWIG,
ALUT,MMBT,
ALUT,MDGI,
ALUT,AGVF,
ALUT,RRES,
ALUT,CTGI,
ALUT,ALUT,
ACAC,ALGO,
ACAC,AENO,
ACAC,LSST,
ACAC,SRNA,
ACAC,ELLT,
ACAC,AMRP,
ACAC,OTCS,
ACAC,HETT,
ACAC,HUXZ,
ACAC,DUCT,
ACAC,SMAH,
ACAC,NPCK,
ACAC,MSDP,
ACAC,EORC,
ACAC,CUBO,
ACAC,HRET,
ACAC,ANSO,
ACAC,DIHO,
ACAC,RTTH,
ACAC,SPLZ,
ACAC,NWIG,
ACAC,MMBT,
ACAC,MDGI,
ACAC,AGVF,
ACAC,RRES,
ACAC,CTGI,
ACAC,ALUT,
ACAC,ACAC,
SRTX,ALGO,
SRTX,AENO,
SRTX,LSST,
SRTX,SRNA,
SRTX,ELLT,
SRTX,AMRP,
SRTX,OTCS,
SRTX,HETT,
SRTX,HUXZ,
SRTX,DUCT,
SRTX,SMAH,
SRTX,NPCK,
SRTX,MSDP,
SRTX,EORC,
SRTX,CUBO,
SRTX,HRET,
SRTX,ANSO,
SRTX,DIHO,
SRTX,RTTH,
SRTX,SPLZ,
SRTX,NWIG,
SRTX,MMBT,
SRTX,MDGI,
SRTX,AGVF,
SRTX,RRES,
SRTX,CTGI,
SRTX,ALUT,
SRTX,ACAC,
SRTX,SRTX,
GARI,ALGO,
GARI,AENO,
GARI,LSST,
GARI,SRNA,
GARI,ELLT,
GARI,AMRP,
GARI,OTCS,
GARI,HETT,
GARI,HUXZ,
GARI,DUCT,
GARI,SMAH,
GARI,NPCK,
GARI,MSDP,
GARI,EORC,
GARI,CUBO,
GARI,HRET,
GARI,ANSO,
GARI,DIHO,
GARI,RTTH,
GARI,SPLZ,
GARI,NWIG,
GARI,MMBT,
GARI,MDGI,
GARI,AGVF,
GARI,RRES,
GARI,CTGI,
GARI,ALUT,
GARI,ACAC,
GARI,SRTX,
GARI,GARI,
RCRI,ALGO,
RCRI,AENO,
RCRI,LSST,
RCRI,SRNA,
RCRI,ELLT,
RCRI,AMRP,
RCRI,OTCS,
RCRI,HETT,
RCRI,HUXZ,
RCRI,DUCT,
RCRI,SMAH,
RCRI,NPCK,
RCRI,MSDP,
RCRI,EORC,
RCRI,CUBO,
RCRI,HRET,
RCRI,ANSO,
RCRI,DIHO,
RCRI,RTTH,
RCRI,SPLZ,
RCRI,NWIG,
RCRI,MMBT,
RCRI,MDGI,
RCRI,AGVF,
RCRI,RRES,
RCRI,CTGI,
RCRI,ALUT,
RCRI,ACAC,
RCRI,SRTX,
RCRI,GARI,
RCRI,RCRI,
ACIX,ALGO,
ACIX,AENO,
ACIX,LSST,
ACIX,SRNA,
ACIX,ELLT,
ACIX,AMRP,
ACIX,OTCS,
ACIX,HETT,
ACIX,HUXZ,
ACIX,DUCT,
ACIX,SMAH,
ACIX,NPCK,
ACIX,MSDP,
ACIX,EORC,
ACIX,CUBO,
ACIX,HRET,
ACIX,ANSO,
ACIX,DIHO,
ACIX,RTTH,
ACIX,SPLZ,
ACIX,NWIG,
ACIX,MMBT,
ACIX,MDGI,
ACIX,AGVF,
ACIX,RRES,
ACIX,CTGI,
ACIX,ALUT,
ACIX,ACAC,
ACIX,SRTX,
ACIX,GARI,
ACIX,RCRI,
ACIX,ACIX,
CCNS,ALGO,
CCNS,AENO,
CCNS,LSST,
CCNS,SRNA,
CCNS,ELLT,
CCNS,AMRP,
CCNS,OTCS,
CCNS,HETT,
CCNS,HUXZ,
CCNS,DUCT,
CCNS,SMAH,
CCNS,NPCK,
CCNS,MSDP,
CCNS,EORC,
CCNS,CUBO,
CCNS,HRET,
CCNS,ANSO,
CCNS,DIHO,
CCNS,RTTH,
CCNS,SPLZ,
CCNS,NWIG,
CCNS,MMBT,
CCNS,MDGI,
CCNS,AGVF,
CCNS,RRES,
CCNS,CTGI,
CCNS,ALUT,
CCNS,ACAC,
CCNS,SRTX,
CCNS,GARI,
CCNS,RCRI,
CCNS,ACIX,
CCNS,CCNS,
MTNS,ALGO,
MTNS,AENO,
MTNS,LSST,
MTNS,SRNA,
MTNS,ELLT,
MTNS,AMRP,
MTNS,OTCS,
MTNS,HETT,
MTNS,HUXZ,
MTNS,DUCT,
MTNS,SMAH,
MTNS,NPCK,
MTNS,MSDP,
MTNS,EORC,
MTNS,CUBO,
MTNS,HRET,
MTNS,ANSO,
MTNS,DIHO,
MTNS,RTTH,
MTNS,SPLZ,
MTNS,NWIG,
MTNS,MMBT,
MTNS,MDGI,
MTNS,AGVF,
MTNS,RRES,
MTNS,CTGI,
MTNS,ALUT,
MTNS,ACAC,
MTNS,SRTX,
MTNS,GARI,
MTNS,RCRI,
MTNS,ACIX,
MTNS,CCNS,
MTNS,MTNS,
IHOZ,ALGO,
IHOZ,AENO,
IHOZ,LSST,
IHOZ,SRNA,
IHOZ,ELLT,
IHOZ,AMRP,
IHOZ,OTCS,
IHOZ,HETT,
IHOZ,HUXZ,
IHOZ,DUCT,
IHOZ,SMAH,
IHOZ,NPCK,
IHOZ,MSDP,
IHOZ,EORC,
IHOZ,CUBO,
IHOZ,HRET,
IHOZ,ANSO,
IHOZ,DIHO,
IHOZ,RTTH,
IHOZ,SPLZ,
IHOZ,NWIG,
IHOZ,MMBT,
IHOZ,MDGI,
IHOZ,AGVF,
IHOZ,RRES,
IHOZ,CTGI,
IHOZ,ALUT,
IHOZ,ACAC,
IHOZ,SRTX,
IHOZ,GARI,
IHOZ,RCRI,
IHOZ,ACIX,
IHOZ,CCNS,
IHOZ,MTNS,
IHOZ,IHOZ,
NAYO,ALGO,
NAYO,AENO,
NAYO,LSST,
NAYO,SRNA,
NAYO,ELLT,
NAYO,AMRP,
NAYO,OTCS,
NAYO,HETT,
NAYO,HUXZ,
NAYO,DUCT,
NAYO,SMAH,
NAYO,NPCK,
NAYO,MSDP,
NAYO,EORC,
NAYO,CUBO,
NAYO,HRET,
NAYO,ANSO,
NAYO,DIHO,
NAYO,RTTH,
NAYO,SPLZ,
NAYO,NWIG,
NAYO,MMBT,
NAYO,MDGI,
NAYO,AGVF,
NAYO,RRES,
NAYO,CTGI,
NAYO,ALUT,
NAYO,ACAC,
NAYO,SRTX,
NAYO,GARI,
NAYO,RCRI,
NAYO,ACIX,
NAYO,CCNS,
NAYO,MTNS,
NAYO,IHOZ,
NAYO,NAYO,
FWWG,ALGO,
FWWG,AENO,
FWWG,LSST,
FWWG,SRNA,
FWWG,ELLT,
FWWG,AMRP,
FWWG,OTCS,
FWWG,HETT,
FWWG,HUXZ,
FWWG,DUCT,
FWWG,SMAH,
FWWG,NPCK,
FWWG,MSDP,
FWWG,EORC,
FWWG,CUBO,
FWWG,HRET,
FWWG,ANSO,
FWWG,DIHO,
FWWG,RTTH,
FWWG,SPLZ,
FWWG,NWIG,
FWWG,MMBT,
FWWG,MDGI,
FWWG,AGVF,
FWWG,RRES,
FWWG,CTGI,
FWWG,ALUT,
FWWG,ACAC,
FWWG,SRTX,
FWWG,GARI,
FWWG,RCRI,
FWWG,ACIX,
FWWG,CCNS,
FWWG,MTNS,
FWWG,IHOZ,
FWWG,NAYO,
FWWG,FWWG,
EELT,ALGO,
EELT,AENO,
EELT,LSST,
EELT,SRNA,
EELT,ELLT,
EELT,AMRP,
EELT,OTCS,
EELT,HETT,
EELT,HUXZ,
EELT,DUCT,
EELT,SMAH,
EELT,NPCK,
EELT,MSDP,
EELT,EORC,
EELT,CUBO,
EELT,HRET,
EELT,ANSO,
EELT,DIHO,
EELT,RTTH,
EELT,SPLZ,
EELT,NWIG,
EELT,MMBT,
EELT,MDGI,
EELT,AGVF,
EELT,RRES,
EELT,CTGI,
EELT,ALUT,
EELT,ACAC,
EELT,SRTX,
EELT,GARI,
EELT,RCRI,
EELT,ACIX,
EELT,CCNS,
EELT,MTNS,
EELT,IHOZ,
EELT,NAYO,
EELT,FWWG,
EELT,EELT,
HRND,ALGO,
HRND,AENO,
HRND,LSST,
HRND,SRNA,
HRND,ELLT,
HRND,AMRP,
HRND,OTCS,
HRND,HETT,
HRND,HUXZ,
HRND,DUCT,
HRND,SMAH,
HRND,NPCK,
HRND,MSDP,
HRND,EORC,
HRND,CUBO,
HRND,HRET,
HRND,ANSO,
HRND,DIHO,
HRND,RTTH,
HRND,SPLZ,
HRND,NWIG,
HRND,MMBT,
HRND,MDGI,
HRND,AGVF,
HRND,RRES,
HRND,CTGI,
HRND,ALUT,
HRND,ACAC,
HRND,SRTX,
HRND,GARI,
HRND,RCRI,
HRND,ACIX,
HRND,CCNS,
HRND,MTNS,
HRND,IHOZ,
HRND,NAYO,
HRND,FWWG,
HRND,EELT,
HRND,HRND,
AETS,ALGO,
AETS,AENO,
AETS,LSST,
AETS,SRNA,
AETS,ELLT,
AETS,AMRP,
AETS,OTCS,
AETS,HETT,
AETS,HUXZ,
AETS,DUCT,
AETS,SMAH,
AETS,NPCK,
AETS,MSDP,
AETS,EORC,
AETS,CUBO,
AETS,HRET,
AETS,ANSO,
AETS,DIHO,
AETS,RTTH,
AETS,SPLZ,
AETS,NWIG,
AETS,MMBT,
AETS,MDGI,
AETS,AGVF,
AETS,RRES,
AETS,CTGI,
AETS,ALUT,
AETS,ACAC,
AETS,SRTX,
AETS,GARI,
AETS,RCRI,
AETS,ACIX,
AETS,CCNS,
AETS,MTNS,
AETS,IHOZ,
AETS,NAYO,
AETS,FWWG,
AETS,EELT,
AETS,HRND,
AETS,AETS,
ULXY,ALGO,
ULXY,AENO,
ULXY,LSST,
ULXY,SRNA,
ULXY,ELLT,
ULXY,AMRP,
ULXY,OTCS,
ULXY,HETT,
ULXY,HUXZ,
ULXY,DUCT,
ULXY,SMAH,
ULXY,NPCK,
ULXY,MSDP,
ULXY,EORC,
ULXY,CUBO,
ULXY,HRET,
ULXY,ANSO,
ULXY,DIHO,
ULXY,RTTH,
ULXY,SPLZ,
ULXY,NWIG,
ULXY,MMBT,
ULXY,MDGI,
ULXY,AGVF,
ULXY,RRES,
ULXY,CTGI,
ULXY,ALUT,
ULXY,ACAC,
ULXY,SRTX,
ULXY,GARI,
ULXY,RCRI,
ULXY,ACIX,
ULXY,CCNS,
ULXY,MTNS,
ULXY,IHOZ,
ULXY,NAYO,
ULXY,FWWG,
ULXY,EELT,
ULXY,HRND,
ULXY,AETS,
ULXY,ULXY,
BLBT,ALGO,
BLBT,AENO,
BLBT,LSST,
BLBT,SRNA,
BLBT,ELLT,
BLBT,AMRP,
BLBT,OTCS,
BLBT,HETT,
BLBT,HUXZ,
BLBT,DUCT,
BLBT,SMAH,
BLBT,NPCK,
BLBT,MSDP,
BLBT,EORC,
BLBT,CUBO,
BLBT,HRET,
BLBT,ANSO,
BLBT,DIHO,
BLBT,RTTH,
BLBT,SPLZ,
BLBT,NWIG,
BLBT,MMBT,
BLBT,MDGI,
BLBT,AGVF,
BLBT,RRES,
BLBT,CTGI,
BLBT,ALUT,
BLBT,ACAC,
BLBT,SRTX,
BLBT,GARI,
BLBT,RCRI,
BLBT,ACIX,
BLBT,CCNS,
BLBT,MTNS,
BLBT,IHOZ,
BLBT,NAYO,
BLBT,FWWG,
BLBT,EELT,
BLBT,HRND,
BLBT,AETS,
BLBT,ULXY,
BLBT,BLBT,
BENI,ALGO,
BENI,AENO,
BENI,LSST,
BENI,SRNA,
BENI,ELLT,
BENI,AMRP,
BENI,OTCS,
BENI,HETT,
BENI,HUXZ,
BENI,DUCT,
BENI,SMAH,
BENI,NPCK,
BENI,MSDP,
BENI,EORC,
BENI,CUBO,
BENI,HRET,
BENI,ANSO,
BENI,DIHO,
BENI,RTTH,
BENI,SPLZ,
BENI,NWIG,
BENI,MMBT,
BENI,MDGI,
BENI,AGVF,
BENI,RRES,
BENI,CTGI,
BENI,ALUT,
BENI,ACAC,
BENI,SRTX,
BENI,GARI,
BENI,RCRI,
BENI,ACIX,
BENI,CCNS,
BENI,MTNS,
BENI,IHOZ,
BENI,NAYO,
BENI,FWWG,
BENI,EELT,
BENI,HRND,
BENI,AETS,
BENI,ULXY,
BENI,BLBT,
BENI,BENI,
ITPA,ALGO,
ITPA,AENO,
ITPA,LSST,
ITPA,SRNA,
ITPA,ELLT,
ITPA,AMRP,
ITPA,OTCS,
ITPA,HETT,
ITPA,HUXZ,
ITPA,DUCT,
ITPA,SMAH,
ITPA,NPCK,
ITPA,MSDP,
ITPA,EORC,
ITPA,CUBO,
ITPA,HRET,
ITPA,ANSO,
ITPA,DIHO,
ITPA,RTTH,
ITPA,SPLZ,
ITPA,NWIG,
ITPA,MMBT,
ITPA,MDGI,
ITPA,AGVF,
ITPA,RRES,
ITPA,CTGI,
ITPA,ALUT,
ITPA,ACAC,
ITPA,SRTX,
ITPA,GARI,
ITPA,RCRI,
ITPA,ACIX,
ITPA,CCNS,
ITPA,MTNS,
ITPA,IHOZ,
ITPA,NAYO,
ITPA,FWWG,
ITPA,EELT,
ITPA,HRND,
ITPA,AETS,
ITPA,ULXY,
ITPA,BLBT,
ITPA,BENI,
ITPA,ITPA,
HTRK,ALGO,
HTRK,AENO,
HTRK,LSST,
HTRK,SRNA,
HTRK,ELLT,
HTRK,AMRP,
HTRK,OTCS,
HTRK,HETT,
HTRK,HUXZ,
HTRK,DUCT,
HTRK,SMAH,
HTRK,NPCK,
HTRK,MSDP,
HTRK,EORC,
HTRK,CUBO,
HTRK,HRET,
HTRK,ANSO,
HTRK,DIHO,
HTRK,RTTH,
HTRK,SPLZ,
HTRK,NWIG,
HTRK,MMBT,
HTRK,MDGI,
HTRK,AGVF,
HTRK,RRES,
HTRK,CTGI,
HTRK,ALUT,
HTRK,ACAC,
HTRK,SRTX,
HTRK,GARI,
HTRK,RCRI,
HTRK,ACIX,
HTRK,CCNS,
HTRK,MTNS,
HTRK,IHOZ,
HTRK,NAYO,
HTRK,FWWG,
HTRK,EELT,
HTRK,HRND,
HTRK,AETS,
HTRK,ULXY,
HTRK,BLBT,
HTRK,BENI,
HTRK,ITPA,
HTRK,HTRK,
NGTE,ALGO,
NGTE,AENO,
NGTE,LSST,
NGTE,SRNA,
NGTE,ELLT,
NGTE,AMRP,
NGTE,OTCS,
NGTE,HETT,
NGTE,HUXZ,
NGTE,DUCT,
NGTE,SMAH,
NGTE,NPCK,
NGTE,MSDP,
NGTE,EORC,
NGTE,CUBO,
NGTE,HRET,
NGTE,ANSO,
NGTE,DIHO,
NGTE,RTTH,
NGTE,SPLZ,
NGTE,NWIG,
NGTE,MMBT,
NGTE,MDGI,
NGTE,AGVF,
NGTE,RRES,
NGTE,CTGI,
NGTE,ALUT,
NGTE,ACAC,
NGTE,SRTX,
NGTE,GARI,
NGTE,RCRI,
NGTE,ACIX,
NGTE,CCNS,
NGTE,MTNS,
NGTE,IHOZ,
NGTE,NAYO,
NGTE,FWWG,
NGTE,EELT,
NGTE,HRND,
NGTE,AETS,
NGTE,ULXY,
NGTE,BLBT,
NGTE,BENI,
NGTE,ITPA,
NGTE,HTRK,
NGTE,NGTE,
ILVX,ALGO,
ILVX,AENO,
ILVX,LSST,
ILVX,SRNA,
ILVX,ELLT,
ILVX,AMRP,
ILVX,OTCS,
ILVX,HETT,
ILVX,HUXZ,
ILVX,DUCT,
ILVX,SMAH,
ILVX,NPCK,
ILVX,MSDP,
ILVX,EORC,
ILVX,CUBO,
ILVX,HRET,
ILVX,ANSO,
ILVX,DIHO,
ILVX,RTTH,
ILVX,SPLZ,
ILVX,NWIG,
ILVX,MMBT,
ILVX,MDGI,
ILVX,AGVF,
ILVX,RRES,
ILVX,CTGI,
ILVX,ALUT,
ILVX,ACAC,
ILVX,SRTX,
ILVX,GARI,
ILVX,RCRI,
ILVX,ACIX,
ILVX,CCNS,
ILVX,MTNS,
ILVX,IHOZ,
ILVX,NAYO,
ILVX,FWWG,
ILVX,EELT,
ILVX,HRND,
ILVX,AETS,
ILVX,ULXY,
ILVX,BLBT,
ILVX,BENI,
ILVX,ITPA,
ILVX,HTRK,
ILVX,NGTE,
ILVX,ILVX,
FCSG,ALGO,
FCSG,AENO,
FCSG,LSST,
FCSG,SRNA,
FCSG,ELLT,
FCSG,AMRP,
FCSG,OTCS,
FCSG,HETT,
FCSG,HUXZ,
FCSG,DUCT,
FCSG,SMAH,
FCSG,NPCK,
FCSG,MSDP,
FCSG,EORC,
FCSG,CUBO,
FCSG,HRET,
FCSG,ANSO,
FCSG,DIHO,
FCSG,RTTH,
FCSG,SPLZ,
FCSG,NWIG,
FCSG,MMBT,
FCSG,MDGI,
FCSG,AGVF,
FCSG,RRES,
FCSG,CTGI,
FCSG,ALUT,
FCSG,ACAC,
FCSG,SRTX,
FCSG,GARI,
FCSG,RCRI,
FCSG,ACIX,
FCSG,CCNS,
FCSG,MTNS,
FCSG,IHOZ,
FCSG,NAYO,
FCSG,FWWG,
FCSG,EELT,
FCSG,HRND,
FCSG,AETS,
FCSG,ULXY,
FCSG,BLBT,
FCSG,BENI,
FCSG,ITPA,
FCSG,HTRK,
FCSG,NGTE,
FCSG,ILVX,
FCSG,FCSG,
FARS,ALGO,
FARS,AENO,
FARS,LSST,
FARS,SRNA,
FARS,ELLT,
FARS,AMRP,
FARS,OTCS,
FARS,HETT,
FARS,HUXZ,
FARS,DUCT,
FARS,SMAH,
FARS,NPCK,
FARS,MSDP,
FARS,EORC,
FARS,CUBO,
FARS,HRET,
FARS,ANSO,
FARS,DIHO,
FARS,RTTH,
FARS,SPLZ,
FARS,NWIG,
FARS,MMBT,
FARS,MDGI,
FARS,AGVF,
FARS,RRES,
FARS,CTGI,
FARS,ALUT,
FARS,ACAC,
FARS,SRTX,
FARS,GARI,
FARS,RCRI,
FARS,ACIX,
FARS,CCNS,
FARS,MTNS,
FARS,IHOZ,
FARS,NAYO,
FARS,FWWG,
FARS,EELT,
FARS,HRND,
FARS,AETS,
FARS,ULXY,
FARS,BLBT,
FARS,BENI,
FARS,ITPA,
FARS,HTRK,
FARS,NGTE,
FARS,ILVX,
FARS,FCSG,
FARS,FARS,
MHRM,ALGO,
MHRM,AENO,
MHRM,LSST,
MHRM,SRNA,
MHRM,ELLT,
MHRM,AMRP,
MHRM,OTCS,
MHRM,HETT,
MHRM,HUXZ,
MHRM,DUCT,
MHRM,SMAH,
MHRM,NPCK,
MHRM,MSDP,
MHRM,EORC,
MHRM,CUBO,
MHRM,HRET,
MHRM,ANSO,
MHRM,DIHO,
MHRM,RTTH,
MHRM,SPLZ,
MHRM,NWIG,
MHRM,MMBT,
MHRM,MDGI,
MHRM,AGVF,
MHRM,RRES,
MHRM,CTGI,
MHRM,ALUT,
MHRM,ACAC,
MHRM,SRTX,
MHRM,GARI,
MHRM,RCRI,
MHRM,ACIX,
MHRM,CCNS,
MHRM,MTNS,
MHRM,IHOZ,
MHRM,NAYO,
MHRM,FWWG,
MHRM,EELT,
MHRM,HRND,
MHRM,AETS,
MHRM,ULXY,
MHRM,BLBT,
MHRM,BENI,
MHRM,ITPA,
MHRM,HTRK,
MHRM,NGTE,
MHRM,ILVX,
MHRM,FCSG,
MHRM,FARS,
MHRM,MHRM,
EAFC,ALGO,
EAFC,AENO,
EAFC,LSST,
EAFC,SRNA,
EAFC,ELLT,
EAFC,AMRP,
EAFC,OTCS,
EAFC,HETT,
EAFC,HUXZ,
EAFC,DUCT,
EAFC,SMAH,
EAFC,NPCK,
EAFC,MSDP,
EAFC,EORC,
EAFC,CUBO,
EAFC,HRET,
EAFC,ANSO,
EAFC,DIHO,
EAFC,RTTH,
EAFC,SPLZ,
EAFC,NWIG,
EAFC,MMBT,
EAFC,MDGI,
EAFC,AGVF,
EAFC,RRES,
EAFC,CTGI,
EAFC,ALUT,
EAFC,ACAC,
EAFC,SRTX,
EAFC,GARI,
EAFC,RCRI,
EAFC,ACIX,
EAFC,CCNS,
EAFC,MTNS,
EAFC,IHOZ,
EAFC,NAYO,
EAFC,FWWG,
EAFC,EELT,
EAFC,HRND,
EAFC,AETS,
EAFC,ULXY,
EAFC,BLBT,
EAFC,BENI,
EAFC,ITPA,
EAFC,HTRK,
EAFC,NGTE,
EAFC,ILVX,
EAFC,FCSG,
EAFC,FARS,
EAFC,MHRM,
EAFC,EAFC,
